name;avatar_url;email;username;password
Иван Иванов;https://upload.wikimedia.org/wikipedia/commons/thumb/0/0e/Felis_silvestris_silvestris.jpg/500px-Felis_silvestris_silvestris.jpg;iivanov@email.com;iivanov;$2a$12$WoTLwXRj1EZcAX.e1K875.jXouTjasmWil.EsrFN2uyGPXMzdslLe
Пётр Петров;https://upload.wikimedia.org/wikipedia/commons/thumb/0/0e/Felis_silvestris_silvestris.jpg/500px-Felis_silvestris_silvestris.jpg;ppetrov@email.com;ppetrov;$2a$12$B.heMyd1iUW175dr7Roeg.WXa1k6Bog9/1tLz2r.p0/sxnGpZD0qq
Александр Непретимов;https://upload.wikimedia.org/wikipedia/commons/thumb/0/0e/Felis_silvestris_silvestris.jpg/500px-Felis_silvestris_silvestris.jpg;anepretimov@email.com;anepretimov;$2a$12$z7hL3lCYznAVSUjozRjRBugXHPgFbSgG4lJh4gsYQoteCCEWSiPw2
Test Testovich;https://upload.wikimedia.org/wikipedia/commons/thumb/0/0e/Felis_silvestris_silvestris.jpg/500px-Felis_silvestris_silvestris.jpg;test@email.com;test;$2a$12$chn3tLHpuN5T8QeTATPbt.X74a0kkjUay3XIXqID1MoYpI6a9v.56
Алексей Смирнов;https://upload.wikimedia.org/wikipedia/commons/thumb/0/0e/Felis_silvestris_silvestris.jpg/500px-Felis_silvestris_silvestris.jpg;asmirnov@email.com;asmirnov;$2a$12$K9uJ4XZzQx7VvLmWbY8jUOqN5dRfGhT6sP1nM3kL9oI2uE4wQrSty
Мария Кузнецова;https://upload.wikimedia.org/wikipedia/commons/thumb/0/0e/Felis_silvestris_silvestris.jpg/500px-Felis_silvestris_silvestris.jpg;mkuznetsova@email.com;mkuznetsova;$2a$12$FgH7jKlM9nOpQrStUvWxYzAbCdEfGhIjKlMnOpQrStUvWxYzAbCdE
Дмитрий Попов;https://upload.wikimedia.org/wikipedia/commons/thumb/0/0e/Felis_silvestris_silvestris.jpg/500px-Felis_silvestris_silvestris.jpg;dpopov@email.com;dpopov;$2a$12$XyZaBcDeFgHiJkLmNoPqRsTuVwXyZaBcDeFgHiJkLmNoPqRsTuVwX
Елена Васильева;https://upload.wikimedia.org/wikipedia/commons/thumb/0/0e/Felis_silvestris_silvestris.jpg/500px-Felis_silvestris_silvestris.jpg;evasilieva@email.com;evasilieva;$2a$12$QwErTyUiOpAsDfGhJkLzXcVbNmQwErTyUiOpAsDfGhJkLzXcVbNm
Сергей Морозов;https://upload.wikimedia.org/wikipedia/commons/thumb/0/0e/Felis_silvestris_silvestris.jpg/500px-Felis_silvestris_silvestris.jpg;smorozov@email.com;smorozov;$2a$12$ZxCvBnMaSqWeRtYuIoPaSdFgHjKlZxCvBnMaSqWeRtYuIoPaSdFgH
Ольга Новикова;https://upload.wikimedia.org/wikipedia/commons/thumb/0/0e/Felis_silvestris_silvestris.jpg/500px-Felis_silvestris_silvestris.jpg;onovikova@email.com;onovikova;$2a$12$PoIuYtReWqAsZxCvBnMaSqWeRtYuIoPaSdFgHjKlZxCvBnMaSqWe
Андрей Фёдоров;https://upload.wikimedia.org/wikipedia/commons/thumb/0/0e/Felis_silvestris_silvestris.jpg/500px-Felis_silvestris_silvestris.jpg;afedorov@email.com;afedorov;$2a$12$MnBvCxZaQwErTyUiOpAsDfGhJkLzXcVbNmQwErTyUiOpAsDfGhJk
Наталья Алексеева;https://upload.wikimedia.org/wikipedia/commons/thumb/0/0e/Felis_silvestris_silvestris.jpg/500px-Felis_silvestris_silvestris.jpg;nalekseeva@email.com;nalekseeva;$2a$12$LkJhGfDsApOiUyTrEwQaZxCvBnMaSqWeRtYuIoPaSdFgHjKlZxCv
Игорь Соколов;https://upload.wikimedia.org/wikipedia/commons/thumb/0/0e/Felis_silvestris_silvestris.jpg/500px-Felis_silvestris_silvestris.jpg;isokolov@email.com;isokolov;$2a$12$BnMaSqWeRtYuIoPaSdFgHjKlZxCvBnMaSqWeRtYuIoPaSdFgHjKl
Татьяна Лебедева;https://upload.wikimedia.org/wikipedia/commons/thumb/0/0e/Felis_silvestris_silvestris.jpg/500px-Felis_silvestris_silvestris.jpg;tlebedeva@email.com;tlebedeva;$2a$12$VbNmQwErTyUiOpAsDfGhJkLzXcVbNmQwErTyUiOpAsDfGhJkLzXc
Владимир Зайцев;https://upload.wikimedia.org/wikipedia/commons/thumb/0/0e/Felis_silvestris_silvestris.jpg/500px-Felis_silvestris_silvestris.jpg;vzaitsev@email.com;vzaitsev;$2a$12$UiOpAsDfGhJkLzXcVbNmQwErTyUiOpAsDfGhJkLzXcVbNmQwErTy
Анна Гусева;https://upload.wikimedia.org/wikipedia/commons/thumb/0/0e/Felis_silvestris_silvestris.jpg/500px-Felis_silvestris_silvestris.jpg;aguseva@email.com;aguseva;$2a$12$TyUiOpAsDfGhJkLzXcVbNmQwErTyUiOpAsDfGhJkLzXcVbNmQwEr
Роман Волков;https://upload.wikimedia.org/wikipedia/commons/thumb/0/0e/Felis_silvestris_silvestris.jpg/500px-Felis_silvestris_silvestris.jpg;rvolkov@email.com;rvolkov;$2a$12$ErTyUiOpAsDfGhJkLzXcVbNmQwErTyUiOpAsDfGhJkLzXcVbNmQw
Юлия Павлова;https://upload.wikimedia.org/wikipedia/commons/thumb/0/0e/Felis_silvestris_silvestris.jpg/500px-Felis_silvestris_silvestris.jpg;ypavlova@email.com;ypavlova;$2a$12$WqAsZxCvBnMaSqWeRtYuIoPaSdFgHjKlZxCvBnMaSqWeRtYuIoPa
Максим Степанов;https://upload.wikimedia.org/wikipedia/commons/thumb/0/0e/Felis_silvestris_silvestris.jpg/500px-Felis_silvestris_silvestris.jpg;mstepanov@email.com;mstepanov;$2a$12$PaSdFgHjKlZxCvBnMaSqWeRtYuIoPaSdFgHjKlZxCvBnMaSqWeRt
Екатерина Белова;https://upload.wikimedia.org/wikipedia/commons/thumb/0/0e/Felis_silvestris_silvestris.jpg/500px-Felis_silvestris_silvestris.jpg;ebelova@email.com;ebelova;$2a$12$IoPaSdFgHjKlZxCvBnMaSqWeRtYuIoPaSdFgHjKlZxCvBnMaSqWe
Артём Орлов;https://upload.wikimedia.org/wikipedia/commons/thumb/0/0e/Felis_silvestris_silvestris.jpg/500px-Felis_silvestris_silvestris.jpg;aorlov@email.com;aorlov;$2a$12$RtYuIoPaSdFgHjKlZxCvBnMaSqWeRtYuIoPaSdFgHjKlZxCvBnMa
Дарья Козлова;https://upload.wikimedia.org/wikipedia/commons/thumb/0/0e/Felis_silvestris_silvestris.jpg/500px-Felis_silvestris_silvestris.jpg;dkozlova@email.com;dkozlova;$2a$12$SqWeRtYuIoPaSdFgHjKlZxCvBnMaSqWeRtYuIoPaSdFgHjKlZxCv
Георгий Макаров;https://upload.wikimedia.org/wikipedia/commons/thumb/0/0e/Felis_silvestris_silvestris.jpg/500px-Felis_silvestris_silvestris.jpg;gmakarov@email.com;gmakarov;$2a$12$BnMaSqWeRtYuIoPaSdFgHjKlZxCvBnMaSqWeRtYuIoPaSdFgHjKl
Полина Никитина;https://upload.wikimedia.org/wikipedia/commons/thumb/0/0e/Felis_silvestris_silvestris.jpg/500px-Felis_silvestris_silvestris.jpg;pnikitina@email.com;pnikitina;$2a$12$ZxCvBnMaSqWeRtYuIoPaSdFgHjKlZxCvBnMaSqWeRtYuIoPaSdFg
Кирилл Логинов;https://upload.wikimedia.org/wikipedia/commons/thumb/0/0e/Felis_silvestris_silvestris.jpg/500px-Felis_silvestris_silvestris.jpg;kloginov@email.com;kloginov;$2a$12$FgHjKlZxCvBnMaSqWeRtYuIoPaSdFgHjKlZxCvBnMaSqWeRtYuIo
Алёна Семёнова;https://upload.wikimedia.org/wikipedia/commons/thumb/0/0e/Felis_silvestris_silvestris.jpg/500px-Felis_silvestris_silvestris.jpg;asemenova@email.com;asemenova;$2a$12$PaSdFgHjKlZxCvBnMaSqWeRtYuIoPaSdFgHjKlZxCvBnMaSqWeRt
Степан Егоров;https://upload.wikimedia.org/wikipedia/commons/thumb/0/0e/Felis_silvestris_silvestris.jpg/500px-Felis_silvestris_silvestris.jpg;segorov@email.com;segorov;$2a$12$YuIoPaSdFgHjKlZxCvBnMaSqWeRtYuIoPaSdFgHjKlZxCvBnMaSq
Виктория Титова;https://upload.wikimedia.org/wikipedia/commons/thumb/0/0e/Felis_silvestris_silvestris.jpg/500px-Felis_silvestris_silvestris.jpg;vtitova@email.com;vtitova;$2a$12$WeRtYuIoPaSdFgHjKlZxCvBnMaSqWeRtYuIoPaSdFgHjKlZxCvBn
Антон Комаров;https://upload.wikimedia.org/wikipedia/commons/thumb/0/0e/Felis_silvestris_silvestris.jpg/500px-Felis_silvestris_silvestris.jpg;akomarov@email.com;akomarov;$2a$12$MaSqWeRtYuIoPaSdFgHjKlZxCvBnMaSqWeRtYuIoPaSdFgHjKlZx
Людмила Михайлова;https://upload.wikimedia.org/wikipedia/commons/thumb/0/0e/Felis_silvestris_silvestris.jpg/500px-Felis_silvestris_silvestris.jpg;lmikhailova@email.com;lmikhailova;$2a$12$CvBnMaSqWeRtYuIoPaSdFgHjKlZxCvBnMaSqWeRtYuIoPaSdFgHj
Борис Жуков;https://upload.wikimedia.org/wikipedia/commons/thumb/0/0e/Felis_silvestris_silvestris.jpg/500px-Felis_silvestris_silvestris.jpg;bzhukov@email.com;bzhukov;$2a$12$KlZxCvBnMaSqWeRtYuIoPaSdFgHjKlZxCvBnMaSqWeRtYuIoPaSd
Ирина Савельева;https://upload.wikimedia.org/wikipedia/commons/thumb/0/0e/Felis_silvestris_silvestris.jpg/500px-Felis_silvestris_silvestris.jpg;isaveleva@email.com;isaveleva;$2a$12$FgHjKlZxCvBnMaSqWeRtYuIoPaSdFgHjKlZxCvBnMaSqWeRtYuIo
Валентин Денисов;https://upload.wikimedia.org/wikipedia/commons/thumb/0/0e/Felis_silvestris_silvestris.jpg/500px-Felis_silvestris_silvestris.jpg;vdenisov@email.com;vdenisov;$2a$12$PaSdFgHjKlZxCvBnMaSqWeRtYuIoPaSdFgHjKlZxCvBnMaSqWeRt
Светлана Фролова;https://upload.wikimedia.org/wikipedia/commons/thumb/0/0e/Felis_silvestris_silvestris.jpg/500px-Felis_silvestris_silvestris.jpg;sfrolova@email.com;sfrolova;$2a$12$YuIoPaSdFgHjKlZxCvBnMaSqWeRtYuIoPaSdFgHjKlZxCvBnMaSq
Арсений Королёв;https://upload.wikimedia.org/wikipedia/commons/thumb/0/0e/Felis_silvestris_silvestris.jpg/500px-Felis_silvestris_silvestris.jpg;akorolev@email.com;akorolev;$2a$12$WeRtYuIoPaSdFgHjKlZxCvBnMaSqWeRtYuIoPaSdFgHjKlZxCvBn
Милана Виноградова;https://upload.wikimedia.org/wikipedia/commons/thumb/0/0e/Felis_silvestris_silvestris.jpg/500px-Felis_silvestris_silvestris.jpg;mvinogradova@email.com;mvinogradova;$2a$12$MaSqWeRtYuIoPaSdFgHjKlZxCvBnMaSqWeRtYuIoPaSdFgHjKlZx
Тимофей Соловьёв;https://upload.wikimedia.org/wikipedia/commons/thumb/0/0e/Felis_silvestris_silvestris.jpg/500px-Felis_silvestris_silvestris.jpg;tsoloviev@email.com;tsoloviev;$2a$12$CvBnMaSqWeRtYuIoPaSdFgHjKlZxCvBnMaSqWeRtYuIoPaSdFgHj
Алина Медведева;https://upload.wikimedia.org/wikipedia/commons/thumb/0/0e/Felis_silvestris_silvestris.jpg/500px-Felis_silvestris_silvestris.jpg;amedvedeva@email.com;amedvedeva;$2a$12$KlZxCvBnMaSqWeRtYuIoPaSdFgHjKlZxCvBnMaSqWeRtYuIoPaSd
Глеб Ефимов;https://upload.wikimedia.org/wikipedia/commons/thumb/0/0e/Felis_silvestris_silvestris.jpg/500px-Felis_silvestris_silvestris.jpg;gefimov@email.com;gefimov;$2a$12$FgHjKlZxCvBnMaSqWeRtYuIoPaSdFgHjKlZxCvBnMaSqWeRtYuIo
Ульяна Крылова;https://upload.wikimedia.org/wikipedia/commons/thumb/0/0e/Felis_silvestris_silvestris.jpg/500px-Felis_silvestris_silvestris.jpg;ukrylova@email.com;ukrylova;$2a$12$PaSdFgHjKlZxCvBnMaSqWeRtYuIoPaSdFgHjKlZxCvBnMaSqWeRt
Ярослав Баранов;https://upload.wikimedia.org/wikipedia/commons/thumb/0/0e/Felis_silvestris_silvestris.jpg/500px-Felis_silvestris_silvestris.jpg;ybaranov@email.com;ybaranov;$2a$12$YuIoPaSdFgHjKlZxCvBnMaSqWeRtYuIoPaSdFgHjKlZxCvBnMaSq
Варвара Ширяева;https://upload.wikimedia.org/wikipedia/commons/thumb/0/0e/Felis_silvestris_silvestris.jpg/500px-Felis_silvestris_silvestris.jpg;vshiryaeva@email.com;vshiryaeva;$2a$12$WeRtYuIoPaSdFgHjKlZxCvBnMaSqWeRtYuIoPaSdFgHjKlZxCvBn
Лев Прохоров;https://upload.wikimedia.org/wikipedia/commons/thumb/0/0e/Felis_silvestris_silvestris.jpg/500px-Felis_silvestris_silvestris.jpg;lprohorov@email.com;lprohorov;$2a$12$MaSqWeRtYuIoPaSdFgHjKlZxCvBnMaSqWeRtYuIoPaSdFgHjKlZx
Арина Калинина;https://upload.wikimedia.org/wikipedia/commons/thumb/0/0e/Felis_silvestris_silvestris.jpg/500px-Felis_silvestris_silvestris.jpg;akalinina@email.com;akalinina;$2a$12$CvBnMaSqWeRtYuIoPaSdFgHjKlZxCvBnMaSqWeRtYuIoPaSdFgHj
Матвей Ильин;https://upload.wikimedia.org/wikipedia/commons/thumb/0/0e/Felis_silvestris_silvestris.jpg/500px-Felis_silvestris_silvestris.jpg;milin@email.com;milin;$2a$12$KlZxCvBnMaSqWeRtYuIoPaSdFgHjKlZxCvBnMaSqWeRtYuIoPaSd
Злата Горбунова;https://upload.wikimedia.org/wikipedia/commons/thumb/0/0e/Felis_silvestris_silvestris.jpg/500px-Felis_silvestris_silvestris.jpg;zgorbunova@email.com;zgorbunova;$2a$12$FgHjKlZxCvBnMaSqWeRtYuIoPaSdFgHjKlZxCvBnMaSqWeRtYuIo
Даниил Кудрявцев;https://upload.wikimedia.org/wikipedia/commons/thumb/0/0e/Felis_silvestris_silvestris.jpg/500px-Felis_silvestris_silvestris.jpg;dkudryavtsev@email.com;dkudryavtsev;$2a$12$PaSdFgHjKlZxCvBnMaSqWeRtYuIoPaSdFgHjKlZxCvBnMaSqWeRt
Ксения Беляева;https://upload.wikimedia.org/wikipedia/commons/thumb/0/0e/Felis_silvestris_silvestris.jpg/500px-Felis_silvestris_silvestris.jpg;kbelyaeva@email.com;kbelyaeva;$2a$12$YuIoPaSdFgHjKlZxCvBnMaSqWeRtYuIoPaSdFgHjKlZxCvBnMaSq
Эдуард Романов;https://upload.wikimedia.org/wikipedia/commons/thumb/0/0e/Felis_silvestris_silvestris.jpg/500px-Felis_silvestris_silvestris.jpg;eromanov@email.com;eromanov;$2a$12$WeRtYuIoPaSdFgHjKlZxCvBnMaSqWeRtYuIoPaSdFgHjKlZxCvBn
Вера Сазонова;https://upload.wikimedia.org/wikipedia/commons/thumb/0/0e/Felis_silvestris_silvestris.jpg/500px-Felis_silvestris_silvestris.jpg;vsazonova@email.com;vsazonova;$2a$12$MaSqWeRtYuIoPaSdFgHjKlZxCvBnMaSqWeRtYuIoPaSdFgHjKlZx
Никита Яковлев;https://upload.wikimedia.org/wikipedia/commons/thumb/0/0e/Felis_silvestris_silvestris.jpg/500px-Felis_silvestris_silvestris.jpg;nyakovlev@email.com;nyakovlev;$2a$12$CvBnMaSqWeRtYuIoPaSdFgHjKlZxCvBnMaSqWeRtYuIoPaSdFgHj
Ангелина Осипова;https://upload.wikimedia.org/wikipedia/commons/thumb/0/0e/Felis_silvestris_silvestris.jpg/500px-Felis_silvestris_silvestris.jpg;aosipova@email.com;aosipova;$2a$12$KlZxCvBnMaSqWeRtYuIoPaSdFgHjKlZxCvBnMaSqWeRtYuIoPaSd
Фёдор Максимов;https://upload.wikimedia.org/wikipedia/commons/thumb/0/0e/Felis_silvestris_silvestris.jpg/500px-Felis_silvestris_silvestris.jpg;fmaximov@email.com;fmaximov;$2a$12$FgHjKlZxCvBnMaSqWeRtYuIoPaSdFgHjKlZxCvBnMaSqWeRtYuIo
София Тарасова;https://upload.wikimedia.org/wikipedia/commons/thumb/0/0e/Felis_silvestris_silvestris.jpg/500px-Felis_silvestris_silvestris.jpg;starasova@email.com;starasova;$2a$12$PaSdFgHjKlZxCvBnMaSqWeRtYuIoPaSdFgHjKlZxCvBnMaSqWeRt