id;email;password;full_name;job_title_id;department_id;age;contact_info;avatar_url;is_active;created_at
1;admin@igramagadev.ru;$2a$10$dXJ3SW6G7P50lGmMkkmwe.20cQQubK3.HZWzG3YB1tlRy.fqvM/BG;IgraM;2;1;15;+79990000001;img1.png;true;2026-01-30 16:00:00
2;sergey.petrov2@corp.com;$2a$10$dXJ3SW6G7P50lGmMkkmwe.20cQQubK3.HZWzG3YB1tlRy.fqvM/BG;Петров Сергей;1;3;42;+79882923946;https://i.pravatar.cc/150?u=2;true;2025-07-29 02:24:00
3;ekaterina.mihaylova3@corp.com;$2a$10$dXJ3SW6G7P50lGmMkkmwe.20cQQubK3.HZWzG3YB1tlRy.fqvM/BG;Михайлова Екатерина;2;1;38;+79697761166;https://i.pravatar.cc/150?u=3;true;2025-04-02 15:56:00
4;irina.ivanova4@corp.com;$2a$10$dXJ3SW6G7P50lGmMkkmwe.20cQQubK3.HZWzG3YB1tlRy.fqvM/BG;Иванова Ирина;1;2;37;+79545583296;https://i.pravatar.cc/150?u=4;true;2025-02-08 12:26:00
5;irina.mihaylova5@corp.com;$2a$10$dXJ3SW6G7P50lGmMkkmwe.20cQQubK3.HZWzG3YB1tlRy.fqvM/BG;Михайлова Ирина;5;1;50;+79975358848;https://i.pravatar.cc/150?u=5;true;2025-01-11 09:24:00
6;anna.fedorova6@corp.com;$2a$10$dXJ3SW6G7P50lGmMkkmwe.20cQQubK3.HZWzG3YB1tlRy.fqvM/BG;Федорова Анна;2;1;26;+79478859851;https://i.pravatar.cc/150?u=6;true;2025-06-11 12:02:00
7;dmitriy.sokolov7@corp.com;$2a$10$dXJ3SW6G7P50lGmMkkmwe.20cQQubK3.HZWzG3YB1tlRy.fqvM/BG;Соколов Дмитрий;1;2;58;+79360394719;https://i.pravatar.cc/150?u=7;true;2025-05-18 08:54:00
8;natalya.sokolova8@corp.com;$2a$10$dXJ3SW6G7P50lGmMkkmwe.20cQQubK3.HZWzG3YB1tlRy.fqvM/BG;Соколова Наталья;1;2;52;+79941612325;https://i.pravatar.cc/150?u=8;true;2025-09-26 10:25:00
9;natalya.novikova9@corp.com;$2a$10$dXJ3SW6G7P50lGmMkkmwe.20cQQubK3.HZWzG3YB1tlRy.fqvM/BG;Новикова Наталья;1;1;49;+79231681567;https://i.pravatar.cc/150?u=9;true;2025-07-20 07:17:00
10;maksim.vasilev10@corp.com;$2a$10$dXJ3SW6G7P50lGmMkkmwe.20cQQubK3.HZWzG3YB1tlRy.fqvM/BG;Васильев Максим;5;3;31;+79517317041;https://i.pravatar.cc/150?u=10;true;2025-01-25 05:51:00
11;artem.novikov11@corp.com;$2a$10$dXJ3SW6G7P50lGmMkkmwe.20cQQubK3.HZWzG3YB1tlRy.fqvM/BG;Новиков Артем;2;5;26;+79288050291;https://i.pravatar.cc/150?u=11;true;2025-06-13 02:52:00
12;elena.mihaylova12@corp.com;$2a$10$dXJ3SW6G7P50lGmMkkmwe.20cQQubK3.HZWzG3YB1tlRy.fqvM/BG;Михайлова Елена;4;1;49;+79886346336;https://i.pravatar.cc/150?u=12;true;2025-07-25 16:05:00
13;anastasiya.sokolova13@corp.com;$2a$10$dXJ3SW6G7P50lGmMkkmwe.20cQQubK3.HZWzG3YB1tlRy.fqvM/BG;Соколова Анастасия;3;1;31;+79599715129;https://i.pravatar.cc/150?u=13;true;2025-03-06 11:39:00
14;elena.vasileva14@corp.com;$2a$10$dXJ3SW6G7P50lGmMkkmwe.20cQQubK3.HZWzG3YB1tlRy.fqvM/BG;Васильева Елена;1;3;55;+79780417188;https://i.pravatar.cc/150?u=14;true;2025-10-23 18:44:00
15;ivan.petrov15@corp.com;$2a$10$dXJ3SW6G7P50lGmMkkmwe.20cQQubK3.HZWzG3YB1tlRy.fqvM/BG;Петров Иван;2;4;53;+79757033893;https://i.pravatar.cc/150?u=15;true;2025-03-02 23:20:00
16;olga.smirnova16@corp.com;$2a$10$dXJ3SW6G7P50lGmMkkmwe.20cQQubK3.HZWzG3YB1tlRy.fqvM/BG;Смирнова Ольга;4;1;24;+79469420132;https://i.pravatar.cc/150?u=16;true;2025-02-21 15:28:00
17;sergey.vasilev17@corp.com;$2a$10$dXJ3SW6G7P50lGmMkkmwe.20cQQubK3.HZWzG3YB1tlRy.fqvM/BG;Васильев Сергей;3;3;56;+79978575641;https://i.pravatar.cc/150?u=17;true;2025-08-19 14:25:00
18;ekaterina.smirnova18@corp.com;$2a$10$dXJ3SW6G7P50lGmMkkmwe.20cQQubK3.HZWzG3YB1tlRy.fqvM/BG;Смирнова Екатерина;4;1;53;+79766447164;https://i.pravatar.cc/150?u=18;true;2025-12-12 20:51:00
19;yuliya.vasileva19@corp.com;$2a$10$dXJ3SW6G7P50lGmMkkmwe.20cQQubK3.HZWzG3YB1tlRy.fqvM/BG;Васильева Юлия;5;1;29;+79307714741;https://i.pravatar.cc/150?u=19;true;2025-08-22 18:17:00
20;maksim.petrov20@corp.com;$2a$10$dXJ3SW6G7P50lGmMkkmwe.20cQQubK3.HZWzG3YB1tlRy.fqvM/BG;Петров Максим;3;2;43;+79779910991;https://i.pravatar.cc/150?u=20;true;2025-06-13 05:17:00
21;artem.vasilev21@corp.com;$2a$10$dXJ3SW6G7P50lGmMkkmwe.20cQQubK3.HZWzG3YB1tlRy.fqvM/BG;Васильев Артем;2;4;27;+79335119282;https://i.pravatar.cc/150?u=21;true;2025-04-14 03:08:00
22;anastasiya.ivanova22@corp.com;$2a$10$dXJ3SW6G7P50lGmMkkmwe.20cQQubK3.HZWzG3YB1tlRy.fqvM/BG;Иванова Анастасия;2;3;46;+79800331949;https://i.pravatar.cc/150?u=22;true;2025-01-29 02:19:00
23;yuliya.petrova23@corp.com;$2a$10$dXJ3SW6G7P50lGmMkkmwe.20cQQubK3.HZWzG3YB1tlRy.fqvM/BG;Петрова Юлия;1;5;52;+79210422000;https://i.pravatar.cc/150?u=23;true;2025-04-23 18:21:00
24;sergey.kuznetsov24@corp.com;$2a$10$dXJ3SW6G7P50lGmMkkmwe.20cQQubK3.HZWzG3YB1tlRy.fqvM/BG;Кузнецов Сергей;1;4;53;+79699072120;https://i.pravatar.cc/150?u=24;true;2025-01-25 06:11:00
25;anna.ivanova25@corp.com;$2a$10$dXJ3SW6G7P50lGmMkkmwe.20cQQubK3.HZWzG3YB1tlRy.fqvM/BG;Иванова Анна;2;1;41;+79644784270;https://i.pravatar.cc/150?u=25;true;2025-06-26 17:00:00
26;aleksey.smirnov26@corp.com;$2a$10$dXJ3SW6G7P50lGmMkkmwe.20cQQubK3.HZWzG3YB1tlRy.fqvM/BG;Смирнов Алексей;4;3;45;+79606267745;https://i.pravatar.cc/150?u=26;true;2025-02-02 13:00:00
27;aleksey.kuznetsov27@corp.com;$2a$10$dXJ3SW6G7P50lGmMkkmwe.20cQQubK3.HZWzG3YB1tlRy.fqvM/BG;Кузнецов Алексей;3;4;47;+79976202561;https://i.pravatar.cc/150?u=27;true;2025-11-01 17:57:00
28;anastasiya.petrova28@corp.com;$2a$10$dXJ3SW6G7P50lGmMkkmwe.20cQQubK3.HZWzG3YB1tlRy.fqvM/BG;Петрова Анастасия;4;4;26;+79390175236;https://i.pravatar.cc/150?u=28;true;2025-01-27 23:54:00
29;andrey.ivanov29@corp.com;$2a$10$dXJ3SW6G7P50lGmMkkmwe.20cQQubK3.HZWzG3YB1tlRy.fqvM/BG;Иванов Андрей;1;1;43;+79934141539;https://i.pravatar.cc/150?u=29;true;2025-05-11 20:50:00
30;yuliya.smirnova30@corp.com;$2a$10$dXJ3SW6G7P50lGmMkkmwe.20cQQubK3.HZWzG3YB1tlRy.fqvM/BG;Смирнова Юлия;5;3;25;+79782000045;https://i.pravatar.cc/150?u=30;true;2025-10-07 07:17:00
31;artem.fedorov31@corp.com;$2a$10$dXJ3SW6G7P50lGmMkkmwe.20cQQubK3.HZWzG3YB1tlRy.fqvM/BG;Федоров Артем;2;1;53;+79230530104;https://i.pravatar.cc/150?u=31;true;2025-05-21 20:51:00
32;anna.mihaylova32@corp.com;$2a$10$dXJ3SW6G7P50lGmMkkmwe.20cQQubK3.HZWzG3YB1tlRy.fqvM/BG;Михайлова Анна;3;3;39;+79682820532;https://i.pravatar.cc/150?u=32;true;2025-04-19 03:41:00
33;maksim.kuznetsov33@corp.com;$2a$10$dXJ3SW6G7P50lGmMkkmwe.20cQQubK3.HZWzG3YB1tlRy.fqvM/BG;Кузнецов Максим;2;2;51;+79683078804;https://i.pravatar.cc/150?u=33;true;2025-11-06 07:48:00
34;irina.smirnova34@corp.com;$2a$10$dXJ3SW6G7P50lGmMkkmwe.20cQQubK3.HZWzG3YB1tlRy.fqvM/BG;Смирнова Ирина;5;5;32;+79952605020;https://i.pravatar.cc/150?u=34;true;2025-02-19 21:37:00
35;mihail.fedorov35@corp.com;$2a$10$dXJ3SW6G7P50lGmMkkmwe.20cQQubK3.HZWzG3YB1tlRy.fqvM/BG;Федоров Михаил;4;4;36;+79838230580;https://i.pravatar.cc/150?u=35;true;2025-04-02 00:33:00
36;mariya.novikova36@corp.com;$2a$10$dXJ3SW6G7P50lGmMkkmwe.20cQQubK3.HZWzG3YB1tlRy.fqvM/BG;Новикова Мария;4;4;43;+79105669319;https://i.pravatar.cc/150?u=36;true;2025-03-21 11:03:00
37;mihail.petrov37@corp.com;$2a$10$dXJ3SW6G7P50lGmMkkmwe.20cQQubK3.HZWzG3YB1tlRy.fqvM/BG;Петров Михаил;3;5;37;+79784587238;https://i.pravatar.cc/150?u=37;true;2025-03-22 06:19:00
38;mihail.smirnov38@corp.com;$2a$10$dXJ3SW6G7P50lGmMkkmwe.20cQQubK3.HZWzG3YB1tlRy.fqvM/BG;Смирнов Михаил;4;1;27;+79157929310;https://i.pravatar.cc/150?u=38;true;2025-02-09 13:30:00
39;andrey.kuznetsov39@corp.com;$2a$10$dXJ3SW6G7P50lGmMkkmwe.20cQQubK3.HZWzG3YB1tlRy.fqvM/BG;Кузнецов Андрей;2;3;33;+79123105355;https://i.pravatar.cc/150?u=39;true;2025-05-16 01:25:00
40;yuliya.vasileva40@corp.com;$2a$10$dXJ3SW6G7P50lGmMkkmwe.20cQQubK3.HZWzG3YB1tlRy.fqvM/BG;Васильева Юлия;4;4;44;+79218421354;https://i.pravatar.cc/150?u=40;true;2025-06-21 14:23:00
41;sergey.smirnov41@corp.com;$2a$10$dXJ3SW6G7P50lGmMkkmwe.20cQQubK3.HZWzG3YB1tlRy.fqvM/BG;Смирнов Сергей;4;3;54;+79213302127;https://i.pravatar.cc/150?u=41;true;2025-07-25 03:24:00
42;anastasiya.vasileva42@corp.com;$2a$10$dXJ3SW6G7P50lGmMkkmwe.20cQQubK3.HZWzG3YB1tlRy.fqvM/BG;Васильева Анастасия;5;4;54;+79958755377;https://i.pravatar.cc/150?u=42;true;2025-08-18 22:04:00
43;mihail.fedorov43@corp.com;$2a$10$dXJ3SW6G7P50lGmMkkmwe.20cQQubK3.HZWzG3YB1tlRy.fqvM/BG;Федоров Михаил;5;3;27;+79628158830;https://i.pravatar.cc/150?u=43;true;2025-10-19 12:59:00
44;anastasiya.novikova44@corp.com;$2a$10$dXJ3SW6G7P50lGmMkkmwe.20cQQubK3.HZWzG3YB1tlRy.fqvM/BG;Новикова Анастасия;2;2;33;+79586580229;https://i.pravatar.cc/150?u=44;true;2025-02-28 09:52:00
45;maksim.smirnov45@corp.com;$2a$10$dXJ3SW6G7P50lGmMkkmwe.20cQQubK3.HZWzG3YB1tlRy.fqvM/BG;Смирнов Максим;1;3;57;+79675286202;https://i.pravatar.cc/150?u=45;true;2025-06-16 12:49:00
46;aleksandr.smirnov46@corp.com;$2a$10$dXJ3SW6G7P50lGmMkkmwe.20cQQubK3.HZWzG3YB1tlRy.fqvM/BG;Смирнов Александр;3;4;48;+79424276729;https://i.pravatar.cc/150?u=46;true;2025-03-07 19:29:00
47;sergey.ivanov47@corp.com;$2a$10$dXJ3SW6G7P50lGmMkkmwe.20cQQubK3.HZWzG3YB1tlRy.fqvM/BG;Иванов Сергей;5;1;56;+79807184937;https://i.pravatar.cc/150?u=47;true;2025-07-13 08:34:00
48;ekaterina.fedorova48@corp.com;$2a$10$dXJ3SW6G7P50lGmMkkmwe.20cQQubK3.HZWzG3YB1tlRy.fqvM/BG;Федорова Екатерина;4;3;50;+79863389061;https://i.pravatar.cc/150?u=48;true;2025-07-06 13:26:00
49;elena.smirnova49@corp.com;$2a$10$dXJ3SW6G7P50lGmMkkmwe.20cQQubK3.HZWzG3YB1tlRy.fqvM/BG;Смирнова Елена;3;3;42;+79197044547;https://i.pravatar.cc/150?u=49;true;2025-04-21 06:37:00
50;irina.mihaylova50@corp.com;$2a$10$dXJ3SW6G7P50lGmMkkmwe.20cQQubK3.HZWzG3YB1tlRy.fqvM/BG;Михайлова Ирина;5;2;30;+79209218079;https://i.pravatar.cc/150?u=50;true;2025-06-13 21:50:00
51;ekaterina.mihaylova51@corp.com;$2a$10$dXJ3SW6G7P50lGmMkkmwe.20cQQubK3.HZWzG3YB1tlRy.fqvM/BG;Михайлова Екатерина;2;5;43;+79209854832;https://i.pravatar.cc/150?u=51;true;2025-08-21 13:10:00
52;aleksey.ivanov52@corp.com;$2a$10$dXJ3SW6G7P50lGmMkkmwe.20cQQubK3.HZWzG3YB1tlRy.fqvM/BG;Иванов Алексей;4;2;55;+79956677178;https://i.pravatar.cc/150?u=52;true;2025-05-01 17:01:00
53;yuliya.ivanova53@corp.com;$2a$10$dXJ3SW6G7P50lGmMkkmwe.20cQQubK3.HZWzG3YB1tlRy.fqvM/BG;Иванова Юлия;1;4;54;+79210446233;https://i.pravatar.cc/150?u=53;true;2025-11-18 20:22:00
54;ivan.vasilev54@corp.com;$2a$10$dXJ3SW6G7P50lGmMkkmwe.20cQQubK3.HZWzG3YB1tlRy.fqvM/BG;Васильев Иван;4;1;46;+79733571939;https://i.pravatar.cc/150?u=54;true;2025-09-10 19:22:00
55;elena.kuznetsova55@corp.com;$2a$10$dXJ3SW6G7P50lGmMkkmwe.20cQQubK3.HZWzG3YB1tlRy.fqvM/BG;Кузнецова Елена;3;2;59;+79495447469;https://i.pravatar.cc/150?u=55;true;2025-09-16 09:13:00
56;nikita.smirnov56@corp.com;$2a$10$dXJ3SW6G7P50lGmMkkmwe.20cQQubK3.HZWzG3YB1tlRy.fqvM/BG;Смирнов Никита;5;1;36;+79192568465;https://i.pravatar.cc/150?u=56;true;2025-05-27 22:58:00
57;aleksey.sokolov57@corp.com;$2a$10$dXJ3SW6G7P50lGmMkkmwe.20cQQubK3.HZWzG3YB1tlRy.fqvM/BG;Соколов Алексей;3;5;41;+79661434096;https://i.pravatar.cc/150?u=57;true;2025-03-03 15:54:00
58;tatyana.sokolova58@corp.com;$2a$10$dXJ3SW6G7P50lGmMkkmwe.20cQQubK3.HZWzG3YB1tlRy.fqvM/BG;Соколова Татьяна;1;3;23;+79393825974;https://i.pravatar.cc/150?u=58;true;2025-01-28 04:05:00
59;ekaterina.fedorova59@corp.com;$2a$10$dXJ3SW6G7P50lGmMkkmwe.20cQQubK3.HZWzG3YB1tlRy.fqvM/BG;Федорова Екатерина;3;1;55;+79972392696;https://i.pravatar.cc/150?u=59;true;2025-12-06 07:43:00
60;artem.sokolov60@corp.com;$2a$10$dXJ3SW6G7P50lGmMkkmwe.20cQQubK3.HZWzG3YB1tlRy.fqvM/BG;Соколов Артем;3;5;27;+79686090430;https://i.pravatar.cc/150?u=60;true;2025-02-14 06:06:00
61;anna.ivanova61@corp.com;$2a$10$dXJ3SW6G7P50lGmMkkmwe.20cQQubK3.HZWzG3YB1tlRy.fqvM/BG;Иванова Анна;3;2;58;+79839346562;https://i.pravatar.cc/150?u=61;true;2025-06-10 20:00:00
62;natalya.novikova62@corp.com;$2a$10$dXJ3SW6G7P50lGmMkkmwe.20cQQubK3.HZWzG3YB1tlRy.fqvM/BG;Новикова Наталья;3;3;31;+79445259940;https://i.pravatar.cc/150?u=62;true;2025-11-30 03:26:00
63;natalya.mihaylova63@corp.com;$2a$10$dXJ3SW6G7P50lGmMkkmwe.20cQQubK3.HZWzG3YB1tlRy.fqvM/BG;Михайлова Наталья;5;1;57;+79704763851;https://i.pravatar.cc/150?u=63;true;2025-07-19 02:22:00
64;natalya.petrova64@corp.com;$2a$10$dXJ3SW6G7P50lGmMkkmwe.20cQQubK3.HZWzG3YB1tlRy.fqvM/BG;Петрова Наталья;5;4;43;+79566922825;https://i.pravatar.cc/150?u=64;true;2025-11-18 06:26:00
65;olga.novikova65@corp.com;$2a$10$dXJ3SW6G7P50lGmMkkmwe.20cQQubK3.HZWzG3YB1tlRy.fqvM/BG;Новикова Ольга;3;3;38;+79244127427;https://i.pravatar.cc/150?u=65;true;2025-07-27 22:57:00
66;nikita.novikov66@corp.com;$2a$10$dXJ3SW6G7P50lGmMkkmwe.20cQQubK3.HZWzG3YB1tlRy.fqvM/BG;Новиков Никита;5;4;35;+79420630665;https://i.pravatar.cc/150?u=66;true;2025-06-10 10:19:00
67;aleksey.petrov67@corp.com;$2a$10$dXJ3SW6G7P50lGmMkkmwe.20cQQubK3.HZWzG3YB1tlRy.fqvM/BG;Петров Алексей;1;4;41;+79549467887;https://i.pravatar.cc/150?u=67;true;2025-07-24 07:01:00
68;aleksey.fedorov68@corp.com;$2a$10$dXJ3SW6G7P50lGmMkkmwe.20cQQubK3.HZWzG3YB1tlRy.fqvM/BG;Федоров Алексей;1;1;28;+79138802444;https://i.pravatar.cc/150?u=68;true;2025-09-06 03:04:00
69;aleksey.popov69@corp.com;$2a$10$dXJ3SW6G7P50lGmMkkmwe.20cQQubK3.HZWzG3YB1tlRy.fqvM/BG;Попов Алексей;3;1;22;+79838694661;https://i.pravatar.cc/150?u=69;true;2025-08-01 09:11:00
70;dmitriy.sokolov70@corp.com;$2a$10$dXJ3SW6G7P50lGmMkkmwe.20cQQubK3.HZWzG3YB1tlRy.fqvM/BG;Соколов Дмитрий;5;1;53;+79786946746;https://i.pravatar.cc/150?u=70;true;2025-05-14 05:56:00
71;irina.smirnova71@corp.com;$2a$10$dXJ3SW6G7P50lGmMkkmwe.20cQQubK3.HZWzG3YB1tlRy.fqvM/BG;Смирнова Ирина;4;1;40;+79201802077;https://i.pravatar.cc/150?u=71;true;2025-01-24 05:36:00
72;aleksey.smirnov72@corp.com;$2a$10$dXJ3SW6G7P50lGmMkkmwe.20cQQubK3.HZWzG3YB1tlRy.fqvM/BG;Смирнов Алексей;1;4;50;+79275793763;https://i.pravatar.cc/150?u=72;true;2025-08-23 15:45:00
73;mihail.fedorov73@corp.com;$2a$10$dXJ3SW6G7P50lGmMkkmwe.20cQQubK3.HZWzG3YB1tlRy.fqvM/BG;Федоров Михаил;3;1;43;+79206350476;https://i.pravatar.cc/150?u=73;true;2025-03-15 22:34:00
74;elena.smirnova74@corp.com;$2a$10$dXJ3SW6G7P50lGmMkkmwe.20cQQubK3.HZWzG3YB1tlRy.fqvM/BG;Смирнова Елена;3;1;56;+79811927154;https://i.pravatar.cc/150?u=74;true;2025-07-01 21:20:00
75;sergey.fedorov75@corp.com;$2a$10$dXJ3SW6G7P50lGmMkkmwe.20cQQubK3.HZWzG3YB1tlRy.fqvM/BG;Федоров Сергей;1;2;34;+79531461394;https://i.pravatar.cc/150?u=75;true;2025-07-20 10:34:00
76;elena.novikova76@corp.com;$2a$10$dXJ3SW6G7P50lGmMkkmwe.20cQQubK3.HZWzG3YB1tlRy.fqvM/BG;Новикова Елена;5;1;51;+79618436530;https://i.pravatar.cc/150?u=76;true;2025-10-06 04:09:00
77;dmitriy.popov77@corp.com;$2a$10$dXJ3SW6G7P50lGmMkkmwe.20cQQubK3.HZWzG3YB1tlRy.fqvM/BG;Попов Дмитрий;1;2;40;+79913243709;https://i.pravatar.cc/150?u=77;true;2025-07-08 20:12:00
78;maksim.ivanov78@corp.com;$2a$10$dXJ3SW6G7P50lGmMkkmwe.20cQQubK3.HZWzG3YB1tlRy.fqvM/BG;Иванов Максим;2;5;41;+79757601931;https://i.pravatar.cc/150?u=78;true;2025-08-18 04:04:00
79;anna.sokolova79@corp.com;$2a$10$dXJ3SW6G7P50lGmMkkmwe.20cQQubK3.HZWzG3YB1tlRy.fqvM/BG;Соколова Анна;2;5;32;+79583908353;https://i.pravatar.cc/150?u=79;true;2025-06-01 04:32:00
80;aleksandr.ivanov80@corp.com;$2a$10$dXJ3SW6G7P50lGmMkkmwe.20cQQubK3.HZWzG3YB1tlRy.fqvM/BG;Иванов Александр;5;1;27;+79784905039;https://i.pravatar.cc/150?u=80;true;2025-09-29 07:45:00
81;anna.petrova81@corp.com;$2a$10$dXJ3SW6G7P50lGmMkkmwe.20cQQubK3.HZWzG3YB1tlRy.fqvM/BG;Петрова Анна;3;4;36;+79683586216;https://i.pravatar.cc/150?u=81;true;2025-01-25 08:13:00
82;yuliya.kuznetsova82@corp.com;$2a$10$dXJ3SW6G7P50lGmMkkmwe.20cQQubK3.HZWzG3YB1tlRy.fqvM/BG;Кузнецова Юлия;2;5;32;+79401818875;https://i.pravatar.cc/150?u=82;true;2025-11-02 08:34:00
83;irina.ivanova83@corp.com;$2a$10$dXJ3SW6G7P50lGmMkkmwe.20cQQubK3.HZWzG3YB1tlRy.fqvM/BG;Иванова Ирина;2;2;51;+79796345502;https://i.pravatar.cc/150?u=83;true;2025-01-08 09:09:00
84;anastasiya.petrova84@corp.com;$2a$10$dXJ3SW6G7P50lGmMkkmwe.20cQQubK3.HZWzG3YB1tlRy.fqvM/BG;Петрова Анастасия;5;5;28;+79556536631;https://i.pravatar.cc/150?u=84;true;2025-11-22 14:50:00
85;mariya.petrova85@corp.com;$2a$10$dXJ3SW6G7P50lGmMkkmwe.20cQQubK3.HZWzG3YB1tlRy.fqvM/BG;Петрова Мария;1;2;37;+79621043607;https://i.pravatar.cc/150?u=85;true;2025-02-26 23:48:00
86;tatyana.vasileva86@corp.com;$2a$10$dXJ3SW6G7P50lGmMkkmwe.20cQQubK3.HZWzG3YB1tlRy.fqvM/BG;Васильева Татьяна;1;5;43;+79362483926;https://i.pravatar.cc/150?u=86;true;2025-01-17 22:42:00
87;andrey.mihaylov87@corp.com;$2a$10$dXJ3SW6G7P50lGmMkkmwe.20cQQubK3.HZWzG3YB1tlRy.fqvM/BG;Михайлов Андрей;5;5;40;+79126462289;https://i.pravatar.cc/150?u=87;true;2025-12-11 16:46:00
88;olga.novikova88@corp.com;$2a$10$dXJ3SW6G7P50lGmMkkmwe.20cQQubK3.HZWzG3YB1tlRy.fqvM/BG;Новикова Ольга;5;1;60;+79153573337;https://i.pravatar.cc/150?u=88;true;2025-08-17 19:24:00
89;aleksey.kuznetsov89@corp.com;$2a$10$dXJ3SW6G7P50lGmMkkmwe.20cQQubK3.HZWzG3YB1tlRy.fqvM/BG;Кузнецов Алексей;4;1;28;+79672152315;https://i.pravatar.cc/150?u=89;true;2025-06-19 19:01:00
90;olga.popova90@corp.com;$2a$10$dXJ3SW6G7P50lGmMkkmwe.20cQQubK3.HZWzG3YB1tlRy.fqvM/BG;Попова Ольга;4;5;34;+79579763705;https://i.pravatar.cc/150?u=90;true;2025-09-20 16:00:00
91;elena.fedorova91@corp.com;$2a$10$dXJ3SW6G7P50lGmMkkmwe.20cQQubK3.HZWzG3YB1tlRy.fqvM/BG;Федорова Елена;1;4;58;+79968450900;https://i.pravatar.cc/150?u=91;true;2025-04-10 11:32:00
92;irina.kuznetsova92@corp.com;$2a$10$dXJ3SW6G7P50lGmMkkmwe.20cQQubK3.HZWzG3YB1tlRy.fqvM/BG;Кузнецова Ирина;5;5;54;+79345791376;https://i.pravatar.cc/150?u=92;true;2025-03-17 00:54:00
93;tatyana.smirnova93@corp.com;$2a$10$dXJ3SW6G7P50lGmMkkmwe.20cQQubK3.HZWzG3YB1tlRy.fqvM/BG;Смирнова Татьяна;3;4;39;+79885430365;https://i.pravatar.cc/150?u=93;true;2025-06-24 02:14:00
94;irina.mihaylova94@corp.com;$2a$10$dXJ3SW6G7P50lGmMkkmwe.20cQQubK3.HZWzG3YB1tlRy.fqvM/BG;Михайлова Ирина;4;4;34;+79640006720;https://i.pravatar.cc/150?u=94;true;2025-04-18 00:32:00
95;nikita.ivanov95@corp.com;$2a$10$dXJ3SW6G7P50lGmMkkmwe.20cQQubK3.HZWzG3YB1tlRy.fqvM/BG;Иванов Никита;4;4;49;+79899818506;https://i.pravatar.cc/150?u=95;true;2025-09-06 08:14:00
96;nikita.petrov96@corp.com;$2a$10$dXJ3SW6G7P50lGmMkkmwe.20cQQubK3.HZWzG3YB1tlRy.fqvM/BG;Петров Никита;3;1;56;+79638691037;https://i.pravatar.cc/150?u=96;true;2025-01-30 21:41:00
97;artem.novikov97@corp.com;$2a$10$dXJ3SW6G7P50lGmMkkmwe.20cQQubK3.HZWzG3YB1tlRy.fqvM/BG;Новиков Артем;3;5;24;+79884933214;https://i.pravatar.cc/150?u=97;true;2025-08-09 17:04:00
98;dmitriy.petrov98@corp.com;$2a$10$dXJ3SW6G7P50lGmMkkmwe.20cQQubK3.HZWzG3YB1tlRy.fqvM/BG;Петров Дмитрий;4;4;38;+79652861734;https://i.pravatar.cc/150?u=98;true;2025-07-07 17:23:00
99;olga.ivanova99@corp.com;$2a$10$dXJ3SW6G7P50lGmMkkmwe.20cQQubK3.HZWzG3YB1tlRy.fqvM/BG;Иванова Ольга;2;4;32;+79926278807;https://i.pravatar.cc/150?u=99;true;2025-06-07 20:35:00
100;aleksey.sokolov100@corp.com;$2a$10$dXJ3SW6G7P50lGmMkkmwe.20cQQubK3.HZWzG3YB1tlRy.fqvM/BG;Соколов Алексей;2;4;46;+79490215350;https://i.pravatar.cc/150?u=100;true;2025-01-20 14:47:00
101;ivan.popov101@corp.com;$2a$10$dXJ3SW6G7P50lGmMkkmwe.20cQQubK3.HZWzG3YB1tlRy.fqvM/BG;Попов Иван;4;4;48;+79584385382;https://i.pravatar.cc/150?u=101;true;2025-10-22 23:09:00
102;aleksey.novikov102@corp.com;$2a$10$dXJ3SW6G7P50lGmMkkmwe.20cQQubK3.HZWzG3YB1tlRy.fqvM/BG;Новиков Алексей;2;2;36;+79564086887;https://i.pravatar.cc/150?u=102;true;2025-03-30 08:08:00
103;elena.smirnova103@corp.com;$2a$10$dXJ3SW6G7P50lGmMkkmwe.20cQQubK3.HZWzG3YB1tlRy.fqvM/BG;Смирнова Елена;4;4;39;+79629862240;https://i.pravatar.cc/150?u=103;true;2025-02-09 23:19:00
104;dmitriy.mihaylov104@corp.com;$2a$10$dXJ3SW6G7P50lGmMkkmwe.20cQQubK3.HZWzG3YB1tlRy.fqvM/BG;Михайлов Дмитрий;5;2;36;+79316860601;https://i.pravatar.cc/150?u=104;true;2025-05-05 20:23:00
105;anastasiya.smirnova105@corp.com;$2a$10$dXJ3SW6G7P50lGmMkkmwe.20cQQubK3.HZWzG3YB1tlRy.fqvM/BG;Смирнова Анастасия;3;4;59;+79997614247;https://i.pravatar.cc/150?u=105;true;2025-08-02 11:49:00
106;tatyana.sokolova106@corp.com;$2a$10$dXJ3SW6G7P50lGmMkkmwe.20cQQubK3.HZWzG3YB1tlRy.fqvM/BG;Соколова Татьяна;1;3;31;+79288779116;https://i.pravatar.cc/150?u=106;true;2025-05-17 11:16:00
107;anna.vasileva107@corp.com;$2a$10$dXJ3SW6G7P50lGmMkkmwe.20cQQubK3.HZWzG3YB1tlRy.fqvM/BG;Васильева Анна;2;1;36;+79790705912;https://i.pravatar.cc/150?u=107;true;2025-03-31 00:56:00
108;anna.novikova108@corp.com;$2a$10$dXJ3SW6G7P50lGmMkkmwe.20cQQubK3.HZWzG3YB1tlRy.fqvM/BG;Новикова Анна;1;1;59;+79599833023;https://i.pravatar.cc/150?u=108;true;2025-07-09 00:59:00
109;aleksey.sokolov109@corp.com;$2a$10$dXJ3SW6G7P50lGmMkkmwe.20cQQubK3.HZWzG3YB1tlRy.fqvM/BG;Соколов Алексей;3;2;32;+79375125655;https://i.pravatar.cc/150?u=109;true;2025-01-29 05:18:00
110;irina.popova110@corp.com;$2a$10$dXJ3SW6G7P50lGmMkkmwe.20cQQubK3.HZWzG3YB1tlRy.fqvM/BG;Попова Ирина;4;5;31;+79295178452;https://i.pravatar.cc/150?u=110;true;2025-08-01 19:42:00
111;andrey.smirnov111@corp.com;$2a$10$dXJ3SW6G7P50lGmMkkmwe.20cQQubK3.HZWzG3YB1tlRy.fqvM/BG;Смирнов Андрей;3;2;29;+79821276858;https://i.pravatar.cc/150?u=111;true;2025-02-13 00:13:00
112;anastasiya.vasileva112@corp.com;$2a$10$dXJ3SW6G7P50lGmMkkmwe.20cQQubK3.HZWzG3YB1tlRy.fqvM/BG;Васильева Анастасия;3;5;46;+79772420436;https://i.pravatar.cc/150?u=112;true;2025-12-26 10:32:00
113;aleksandr.novikov113@corp.com;$2a$10$dXJ3SW6G7P50lGmMkkmwe.20cQQubK3.HZWzG3YB1tlRy.fqvM/BG;Новиков Александр;3;2;41;+79977014384;https://i.pravatar.cc/150?u=113;true;2025-06-09 07:43:00
114;sergey.mihaylov114@corp.com;$2a$10$dXJ3SW6G7P50lGmMkkmwe.20cQQubK3.HZWzG3YB1tlRy.fqvM/BG;Михайлов Сергей;5;4;58;+79606407902;https://i.pravatar.cc/150?u=114;true;2025-05-30 05:46:00
115;elena.popova115@corp.com;$2a$10$dXJ3SW6G7P50lGmMkkmwe.20cQQubK3.HZWzG3YB1tlRy.fqvM/BG;Попова Елена;2;1;45;+79615211168;https://i.pravatar.cc/150?u=115;true;2025-12-20 17:42:00
116;aleksandr.fedorov116@corp.com;$2a$10$dXJ3SW6G7P50lGmMkkmwe.20cQQubK3.HZWzG3YB1tlRy.fqvM/BG;Федоров Александр;5;5;37;+79227710839;https://i.pravatar.cc/150?u=116;true;2025-03-19 03:39:00
117;natalya.vasileva117@corp.com;$2a$10$dXJ3SW6G7P50lGmMkkmwe.20cQQubK3.HZWzG3YB1tlRy.fqvM/BG;Васильева Наталья;1;4;25;+79366093829;https://i.pravatar.cc/150?u=117;true;2025-02-01 18:57:00
118;anna.kuznetsova118@corp.com;$2a$10$dXJ3SW6G7P50lGmMkkmwe.20cQQubK3.HZWzG3YB1tlRy.fqvM/BG;Кузнецова Анна;4;1;25;+79486980076;https://i.pravatar.cc/150?u=118;true;2025-06-29 02:24:00
119;elena.vasileva119@corp.com;$2a$10$dXJ3SW6G7P50lGmMkkmwe.20cQQubK3.HZWzG3YB1tlRy.fqvM/BG;Васильева Елена;1;5;52;+79614966179;https://i.pravatar.cc/150?u=119;true;2025-08-30 00:25:00
120;sergey.sokolov120@corp.com;$2a$10$dXJ3SW6G7P50lGmMkkmwe.20cQQubK3.HZWzG3YB1tlRy.fqvM/BG;Соколов Сергей;5;4;48;+79158394214;https://i.pravatar.cc/150?u=120;true;2025-04-27 12:36:00
121;andrey.novikov121@corp.com;$2a$10$dXJ3SW6G7P50lGmMkkmwe.20cQQubK3.HZWzG3YB1tlRy.fqvM/BG;Новиков Андрей;4;3;40;+79283299360;https://i.pravatar.cc/150?u=121;true;2025-10-07 16:14:00
122;sergey.petrov122@corp.com;$2a$10$dXJ3SW6G7P50lGmMkkmwe.20cQQubK3.HZWzG3YB1tlRy.fqvM/BG;Петров Сергей;1;2;42;+79991041515;https://i.pravatar.cc/150?u=122;true;2025-01-19 13:53:00
123;ekaterina.vasileva123@corp.com;$2a$10$dXJ3SW6G7P50lGmMkkmwe.20cQQubK3.HZWzG3YB1tlRy.fqvM/BG;Васильева Екатерина;5;1;32;+79423066152;https://i.pravatar.cc/150?u=123;true;2025-08-28 15:42:00
124;andrey.popov124@corp.com;$2a$10$dXJ3SW6G7P50lGmMkkmwe.20cQQubK3.HZWzG3YB1tlRy.fqvM/BG;Попов Андрей;5;4;58;+79792622023;https://i.pravatar.cc/150?u=124;true;2025-08-04 17:07:00
125;mariya.novikova125@corp.com;$2a$10$dXJ3SW6G7P50lGmMkkmwe.20cQQubK3.HZWzG3YB1tlRy.fqvM/BG;Новикова Мария;3;3;60;+79995838429;https://i.pravatar.cc/150?u=125;true;2025-01-15 11:49:00
126;maksim.mihaylov126@corp.com;$2a$10$dXJ3SW6G7P50lGmMkkmwe.20cQQubK3.HZWzG3YB1tlRy.fqvM/BG;Михайлов Максим;2;3;32;+79560270995;https://i.pravatar.cc/150?u=126;true;2025-02-26 12:41:00
127;mariya.smirnova127@corp.com;$2a$10$dXJ3SW6G7P50lGmMkkmwe.20cQQubK3.HZWzG3YB1tlRy.fqvM/BG;Смирнова Мария;5;3;58;+79753767813;https://i.pravatar.cc/150?u=127;true;2025-03-26 18:28:00
128;andrey.novikov128@corp.com;$2a$10$dXJ3SW6G7P50lGmMkkmwe.20cQQubK3.HZWzG3YB1tlRy.fqvM/BG;Новиков Андрей;4;1;22;+79231986769;https://i.pravatar.cc/150?u=128;true;2025-04-15 21:00:00
129;anastasiya.fedorova129@corp.com;$2a$10$dXJ3SW6G7P50lGmMkkmwe.20cQQubK3.HZWzG3YB1tlRy.fqvM/BG;Федорова Анастасия;5;3;29;+79972386200;https://i.pravatar.cc/150?u=129;true;2025-04-09 00:41:00
130;ivan.smirnov130@corp.com;$2a$10$dXJ3SW6G7P50lGmMkkmwe.20cQQubK3.HZWzG3YB1tlRy.fqvM/BG;Смирнов Иван;1;3;42;+79253512500;https://i.pravatar.cc/150?u=130;true;2025-02-17 20:45:00
131;aleksandr.fedorov131@corp.com;$2a$10$dXJ3SW6G7P50lGmMkkmwe.20cQQubK3.HZWzG3YB1tlRy.fqvM/BG;Федоров Александр;2;5;47;+79696695119;https://i.pravatar.cc/150?u=131;true;2025-10-16 10:11:00
132;irina.vasileva132@corp.com;$2a$10$dXJ3SW6G7P50lGmMkkmwe.20cQQubK3.HZWzG3YB1tlRy.fqvM/BG;Васильева Ирина;3;2;41;+79353364688;https://i.pravatar.cc/150?u=132;true;2025-11-16 20:25:00
133;tatyana.vasileva133@corp.com;$2a$10$dXJ3SW6G7P50lGmMkkmwe.20cQQubK3.HZWzG3YB1tlRy.fqvM/BG;Васильева Татьяна;2;4;57;+79901614745;https://i.pravatar.cc/150?u=133;true;2025-10-01 22:14:00
134;mariya.popova134@corp.com;$2a$10$dXJ3SW6G7P50lGmMkkmwe.20cQQubK3.HZWzG3YB1tlRy.fqvM/BG;Попова Мария;1;5;34;+79355736334;https://i.pravatar.cc/150?u=134;true;2025-04-09 15:26:00
135;maksim.smirnov135@corp.com;$2a$10$dXJ3SW6G7P50lGmMkkmwe.20cQQubK3.HZWzG3YB1tlRy.fqvM/BG;Смирнов Максим;2;4;32;+79953677497;https://i.pravatar.cc/150?u=135;true;2025-11-08 14:59:00
136;mariya.smirnova136@corp.com;$2a$10$dXJ3SW6G7P50lGmMkkmwe.20cQQubK3.HZWzG3YB1tlRy.fqvM/BG;Смирнова Мария;3;3;33;+79138242677;https://i.pravatar.cc/150?u=136;true;2025-03-20 00:28:00
137;tatyana.ivanova137@corp.com;$2a$10$dXJ3SW6G7P50lGmMkkmwe.20cQQubK3.HZWzG3YB1tlRy.fqvM/BG;Иванова Татьяна;1;5;39;+79772046148;https://i.pravatar.cc/150?u=137;true;2025-09-23 01:33:00
138;artem.novikov138@corp.com;$2a$10$dXJ3SW6G7P50lGmMkkmwe.20cQQubK3.HZWzG3YB1tlRy.fqvM/BG;Новиков Артем;2;4;55;+79583347680;https://i.pravatar.cc/150?u=138;true;2025-03-27 12:36:00
139;sergey.vasilev139@corp.com;$2a$10$dXJ3SW6G7P50lGmMkkmwe.20cQQubK3.HZWzG3YB1tlRy.fqvM/BG;Васильев Сергей;2;2;42;+79585088425;https://i.pravatar.cc/150?u=139;true;2025-05-02 17:08:00
140;elena.mihaylova140@corp.com;$2a$10$dXJ3SW6G7P50lGmMkkmwe.20cQQubK3.HZWzG3YB1tlRy.fqvM/BG;Михайлова Елена;4;3;38;+79489164565;https://i.pravatar.cc/150?u=140;true;2025-11-13 10:03:00
141;anastasiya.fedorova141@corp.com;$2a$10$dXJ3SW6G7P50lGmMkkmwe.20cQQubK3.HZWzG3YB1tlRy.fqvM/BG;Федорова Анастасия;4;5;37;+79630519489;https://i.pravatar.cc/150?u=141;true;2025-08-06 19:07:00
142;anna.popova142@corp.com;$2a$10$dXJ3SW6G7P50lGmMkkmwe.20cQQubK3.HZWzG3YB1tlRy.fqvM/BG;Попова Анна;4;2;47;+79138376003;https://i.pravatar.cc/150?u=142;true;2025-10-30 19:29:00
143;dmitriy.popov143@corp.com;$2a$10$dXJ3SW6G7P50lGmMkkmwe.20cQQubK3.HZWzG3YB1tlRy.fqvM/BG;Попов Дмитрий;5;5;22;+79649884194;https://i.pravatar.cc/150?u=143;true;2025-04-21 06:35:00
144;nikita.vasilev144@corp.com;$2a$10$dXJ3SW6G7P50lGmMkkmwe.20cQQubK3.HZWzG3YB1tlRy.fqvM/BG;Васильев Никита;5;1;22;+79914193145;https://i.pravatar.cc/150?u=144;true;2025-08-29 21:30:00
145;artem.fedorov145@corp.com;$2a$10$dXJ3SW6G7P50lGmMkkmwe.20cQQubK3.HZWzG3YB1tlRy.fqvM/BG;Федоров Артем;4;3;26;+79898673944;https://i.pravatar.cc/150?u=145;true;2025-07-07 22:13:00
146;elena.ivanova146@corp.com;$2a$10$dXJ3SW6G7P50lGmMkkmwe.20cQQubK3.HZWzG3YB1tlRy.fqvM/BG;Иванова Елена;5;2;22;+79228597701;https://i.pravatar.cc/150?u=146;true;2025-11-17 05:28:00
147;ekaterina.ivanova147@corp.com;$2a$10$dXJ3SW6G7P50lGmMkkmwe.20cQQubK3.HZWzG3YB1tlRy.fqvM/BG;Иванова Екатерина;3;5;56;+79587046945;https://i.pravatar.cc/150?u=147;true;2025-12-24 05:31:00
148;aleksey.smirnov148@corp.com;$2a$10$dXJ3SW6G7P50lGmMkkmwe.20cQQubK3.HZWzG3YB1tlRy.fqvM/BG;Смирнов Алексей;1;1;25;+79336010504;https://i.pravatar.cc/150?u=148;true;2025-12-04 23:24:00
149;yuliya.popova149@corp.com;$2a$10$dXJ3SW6G7P50lGmMkkmwe.20cQQubK3.HZWzG3YB1tlRy.fqvM/BG;Попова Юлия;1;3;34;+79515832656;https://i.pravatar.cc/150?u=149;true;2025-09-25 18:00:00
150;yuliya.fedorova150@corp.com;$2a$10$dXJ3SW6G7P50lGmMkkmwe.20cQQubK3.HZWzG3YB1tlRy.fqvM/BG;Федорова Юлия;3;1;34;+79905658801;https://i.pravatar.cc/150?u=150;true;2025-12-05 07:02:00
151;andrey.petrov151@corp.com;$2a$10$dXJ3SW6G7P50lGmMkkmwe.20cQQubK3.HZWzG3YB1tlRy.fqvM/BG;Петров Андрей;5;5;33;+79709741734;https://i.pravatar.cc/150?u=151;true;2025-09-18 01:48:00
152;olga.kuznetsova152@corp.com;$2a$10$dXJ3SW6G7P50lGmMkkmwe.20cQQubK3.HZWzG3YB1tlRy.fqvM/BG;Кузнецова Ольга;5;2;36;+79377744635;https://i.pravatar.cc/150?u=152;true;2025-03-14 07:16:00
153;irina.smirnova153@corp.com;$2a$10$dXJ3SW6G7P50lGmMkkmwe.20cQQubK3.HZWzG3YB1tlRy.fqvM/BG;Смирнова Ирина;1;5;33;+79404445018;https://i.pravatar.cc/150?u=153;true;2025-07-11 12:43:00
154;maksim.sokolov154@corp.com;$2a$10$dXJ3SW6G7P50lGmMkkmwe.20cQQubK3.HZWzG3YB1tlRy.fqvM/BG;Соколов Максим;1;3;60;+79770074197;https://i.pravatar.cc/150?u=154;true;2025-10-27 03:24:00
155;anna.mihaylova155@corp.com;$2a$10$dXJ3SW6G7P50lGmMkkmwe.20cQQubK3.HZWzG3YB1tlRy.fqvM/BG;Михайлова Анна;1;2;40;+79396844385;https://i.pravatar.cc/150?u=155;true;2025-03-12 19:05:00
156;tatyana.petrova156@corp.com;$2a$10$dXJ3SW6G7P50lGmMkkmwe.20cQQubK3.HZWzG3YB1tlRy.fqvM/BG;Петрова Татьяна;1;1;36;+79473523345;https://i.pravatar.cc/150?u=156;true;2025-11-12 08:51:00
157;olga.popova157@corp.com;$2a$10$dXJ3SW6G7P50lGmMkkmwe.20cQQubK3.HZWzG3YB1tlRy.fqvM/BG;Попова Ольга;3;3;51;+79715986557;https://i.pravatar.cc/150?u=157;true;2025-02-01 08:36:00
158;aleksandr.fedorov158@corp.com;$2a$10$dXJ3SW6G7P50lGmMkkmwe.20cQQubK3.HZWzG3YB1tlRy.fqvM/BG;Федоров Александр;1;1;39;+79947728380;https://i.pravatar.cc/150?u=158;true;2025-04-02 08:00:00
159;tatyana.ivanova159@corp.com;$2a$10$dXJ3SW6G7P50lGmMkkmwe.20cQQubK3.HZWzG3YB1tlRy.fqvM/BG;Иванова Татьяна;3;5;27;+79960063336;https://i.pravatar.cc/150?u=159;true;2025-11-28 19:34:00
160;artem.kuznetsov160@corp.com;$2a$10$dXJ3SW6G7P50lGmMkkmwe.20cQQubK3.HZWzG3YB1tlRy.fqvM/BG;Кузнецов Артем;3;1;37;+79606668634;https://i.pravatar.cc/150?u=160;true;2025-08-02 09:47:00
161;ivan.vasilev161@corp.com;$2a$10$dXJ3SW6G7P50lGmMkkmwe.20cQQubK3.HZWzG3YB1tlRy.fqvM/BG;Васильев Иван;2;2;23;+79151900506;https://i.pravatar.cc/150?u=161;true;2025-07-12 02:42:00
162;tatyana.popova162@corp.com;$2a$10$dXJ3SW6G7P50lGmMkkmwe.20cQQubK3.HZWzG3YB1tlRy.fqvM/BG;Попова Татьяна;3;4;31;+79625901283;https://i.pravatar.cc/150?u=162;true;2025-12-20 10:58:00
163;tatyana.kuznetsova163@corp.com;$2a$10$dXJ3SW6G7P50lGmMkkmwe.20cQQubK3.HZWzG3YB1tlRy.fqvM/BG;Кузнецова Татьяна;4;2;40;+79519317041;https://i.pravatar.cc/150?u=163;true;2025-08-27 11:10:00
164;mariya.kuznetsova164@corp.com;$2a$10$dXJ3SW6G7P50lGmMkkmwe.20cQQubK3.HZWzG3YB1tlRy.fqvM/BG;Кузнецова Мария;3;2;53;+79635664925;https://i.pravatar.cc/150?u=164;true;2025-02-13 01:50:00
165;andrey.ivanov165@corp.com;$2a$10$dXJ3SW6G7P50lGmMkkmwe.20cQQubK3.HZWzG3YB1tlRy.fqvM/BG;Иванов Андрей;3;5;52;+79365685985;https://i.pravatar.cc/150?u=165;true;2025-10-19 03:48:00
166;olga.novikova166@corp.com;$2a$10$dXJ3SW6G7P50lGmMkkmwe.20cQQubK3.HZWzG3YB1tlRy.fqvM/BG;Новикова Ольга;3;2;27;+79990496063;https://i.pravatar.cc/150?u=166;true;2025-01-22 06:17:00
167;mihail.vasilev167@corp.com;$2a$10$dXJ3SW6G7P50lGmMkkmwe.20cQQubK3.HZWzG3YB1tlRy.fqvM/BG;Васильев Михаил;1;3;56;+79434849893;https://i.pravatar.cc/150?u=167;true;2025-07-18 09:30:00
168;mihail.fedorov168@corp.com;$2a$10$dXJ3SW6G7P50lGmMkkmwe.20cQQubK3.HZWzG3YB1tlRy.fqvM/BG;Федоров Михаил;3;4;43;+79988151598;https://i.pravatar.cc/150?u=168;true;2025-05-06 21:49:00
169;olga.petrova169@corp.com;$2a$10$dXJ3SW6G7P50lGmMkkmwe.20cQQubK3.HZWzG3YB1tlRy.fqvM/BG;Петрова Ольга;1;5;54;+79763117933;https://i.pravatar.cc/150?u=169;true;2025-12-26 20:54:00
170;mariya.mihaylova170@corp.com;$2a$10$dXJ3SW6G7P50lGmMkkmwe.20cQQubK3.HZWzG3YB1tlRy.fqvM/BG;Михайлова Мария;5;5;37;+79881068997;https://i.pravatar.cc/150?u=170;true;2025-02-05 22:54:00
171;tatyana.ivanova171@corp.com;$2a$10$dXJ3SW6G7P50lGmMkkmwe.20cQQubK3.HZWzG3YB1tlRy.fqvM/BG;Иванова Татьяна;2;5;55;+79499076342;https://i.pravatar.cc/150?u=171;true;2025-09-05 11:13:00
172;sergey.sokolov172@corp.com;$2a$10$dXJ3SW6G7P50lGmMkkmwe.20cQQubK3.HZWzG3YB1tlRy.fqvM/BG;Соколов Сергей;1;3;60;+79442906505;https://i.pravatar.cc/150?u=172;true;2025-07-28 10:36:00
173;aleksey.smirnov173@corp.com;$2a$10$dXJ3SW6G7P50lGmMkkmwe.20cQQubK3.HZWzG3YB1tlRy.fqvM/BG;Смирнов Алексей;2;2;23;+79912216280;https://i.pravatar.cc/150?u=173;true;2025-06-07 17:06:00
174;olga.sokolova174@corp.com;$2a$10$dXJ3SW6G7P50lGmMkkmwe.20cQQubK3.HZWzG3YB1tlRy.fqvM/BG;Соколова Ольга;1;5;25;+79229183266;https://i.pravatar.cc/150?u=174;true;2025-11-16 06:09:00
175;elena.ivanova175@corp.com;$2a$10$dXJ3SW6G7P50lGmMkkmwe.20cQQubK3.HZWzG3YB1tlRy.fqvM/BG;Иванова Елена;4;2;57;+79723883461;https://i.pravatar.cc/150?u=175;true;2025-03-03 08:32:00
176;natalya.fedorova176@corp.com;$2a$10$dXJ3SW6G7P50lGmMkkmwe.20cQQubK3.HZWzG3YB1tlRy.fqvM/BG;Федорова Наталья;2;5;42;+79518652769;https://i.pravatar.cc/150?u=176;true;2025-06-29 22:42:00
177;andrey.kuznetsov177@corp.com;$2a$10$dXJ3SW6G7P50lGmMkkmwe.20cQQubK3.HZWzG3YB1tlRy.fqvM/BG;Кузнецов Андрей;2;4;33;+79380267938;https://i.pravatar.cc/150?u=177;true;2025-02-23 17:34:00
178;nikita.novikov178@corp.com;$2a$10$dXJ3SW6G7P50lGmMkkmwe.20cQQubK3.HZWzG3YB1tlRy.fqvM/BG;Новиков Никита;3;1;60;+79303853912;https://i.pravatar.cc/150?u=178;true;2025-04-02 03:50:00
179;artem.smirnov179@corp.com;$2a$10$dXJ3SW6G7P50lGmMkkmwe.20cQQubK3.HZWzG3YB1tlRy.fqvM/BG;Смирнов Артем;3;4;37;+79808767220;https://i.pravatar.cc/150?u=179;true;2025-07-22 09:49:00
180;mihail.petrov180@corp.com;$2a$10$dXJ3SW6G7P50lGmMkkmwe.20cQQubK3.HZWzG3YB1tlRy.fqvM/BG;Петров Михаил;2;3;44;+79862161377;https://i.pravatar.cc/150?u=180;true;2025-08-10 13:41:00
181;artem.vasilev181@corp.com;$2a$10$dXJ3SW6G7P50lGmMkkmwe.20cQQubK3.HZWzG3YB1tlRy.fqvM/BG;Васильев Артем;4;1;52;+79586164881;https://i.pravatar.cc/150?u=181;true;2025-03-19 00:22:00
182;yuliya.mihaylova182@corp.com;$2a$10$dXJ3SW6G7P50lGmMkkmwe.20cQQubK3.HZWzG3YB1tlRy.fqvM/BG;Михайлова Юлия;2;2;44;+79373295666;https://i.pravatar.cc/150?u=182;true;2025-05-28 21:03:00
183;anastasiya.sokolova183@corp.com;$2a$10$dXJ3SW6G7P50lGmMkkmwe.20cQQubK3.HZWzG3YB1tlRy.fqvM/BG;Соколова Анастасия;4;4;57;+79600151422;https://i.pravatar.cc/150?u=183;true;2025-04-27 06:07:00
184;mihail.novikov184@corp.com;$2a$10$dXJ3SW6G7P50lGmMkkmwe.20cQQubK3.HZWzG3YB1tlRy.fqvM/BG;Новиков Михаил;2;1;27;+79567587041;https://i.pravatar.cc/150?u=184;true;2025-05-03 14:14:00
185;ivan.novikov185@corp.com;$2a$10$dXJ3SW6G7P50lGmMkkmwe.20cQQubK3.HZWzG3YB1tlRy.fqvM/BG;Новиков Иван;4;3;46;+79349802928;https://i.pravatar.cc/150?u=185;true;2025-01-29 06:19:00
186;mariya.ivanova186@corp.com;$2a$10$dXJ3SW6G7P50lGmMkkmwe.20cQQubK3.HZWzG3YB1tlRy.fqvM/BG;Иванова Мария;5;5;59;+79726481044;https://i.pravatar.cc/150?u=186;true;2025-06-02 07:54:00
187;nikita.petrov187@corp.com;$2a$10$dXJ3SW6G7P50lGmMkkmwe.20cQQubK3.HZWzG3YB1tlRy.fqvM/BG;Петров Никита;4;5;43;+79125140966;https://i.pravatar.cc/150?u=187;true;2025-08-13 06:30:00
188;mariya.sokolova188@corp.com;$2a$10$dXJ3SW6G7P50lGmMkkmwe.20cQQubK3.HZWzG3YB1tlRy.fqvM/BG;Соколова Мария;3;2;39;+79962542969;https://i.pravatar.cc/150?u=188;true;2025-09-02 21:58:00
189;dmitriy.vasilev189@corp.com;$2a$10$dXJ3SW6G7P50lGmMkkmwe.20cQQubK3.HZWzG3YB1tlRy.fqvM/BG;Васильев Дмитрий;2;4;49;+79835291879;https://i.pravatar.cc/150?u=189;true;2025-07-02 02:34:00
190;maksim.novikov190@corp.com;$2a$10$dXJ3SW6G7P50lGmMkkmwe.20cQQubK3.HZWzG3YB1tlRy.fqvM/BG;Новиков Максим;2;4;51;+79835457262;https://i.pravatar.cc/150?u=190;true;2025-03-24 17:07:00
191;anna.sokolova191@corp.com;$2a$10$dXJ3SW6G7P50lGmMkkmwe.20cQQubK3.HZWzG3YB1tlRy.fqvM/BG;Соколова Анна;3;1;44;+79852724416;https://i.pravatar.cc/150?u=191;true;2025-06-10 23:02:00
192;anastasiya.sokolova192@corp.com;$2a$10$dXJ3SW6G7P50lGmMkkmwe.20cQQubK3.HZWzG3YB1tlRy.fqvM/BG;Соколова Анастасия;3;4;47;+79457515659;https://i.pravatar.cc/150?u=192;true;2025-07-05 06:48:00
193;irina.smirnova193@corp.com;$2a$10$dXJ3SW6G7P50lGmMkkmwe.20cQQubK3.HZWzG3YB1tlRy.fqvM/BG;Смирнова Ирина;5;2;22;+79916456458;https://i.pravatar.cc/150?u=193;true;2025-03-07 17:02:00
194;andrey.vasilev194@corp.com;$2a$10$dXJ3SW6G7P50lGmMkkmwe.20cQQubK3.HZWzG3YB1tlRy.fqvM/BG;Васильев Андрей;5;5;35;+79787998669;https://i.pravatar.cc/150?u=194;true;2025-02-23 13:42:00
195;artem.smirnov195@corp.com;$2a$10$dXJ3SW6G7P50lGmMkkmwe.20cQQubK3.HZWzG3YB1tlRy.fqvM/BG;Смирнов Артем;1;4;47;+79955492650;https://i.pravatar.cc/150?u=195;true;2025-12-15 19:55:00
196;artem.petrov196@corp.com;$2a$10$dXJ3SW6G7P50lGmMkkmwe.20cQQubK3.HZWzG3YB1tlRy.fqvM/BG;Петров Артем;3;3;36;+79189973454;https://i.pravatar.cc/150?u=196;true;2025-07-30 17:53:00
197;irina.mihaylova197@corp.com;$2a$10$dXJ3SW6G7P50lGmMkkmwe.20cQQubK3.HZWzG3YB1tlRy.fqvM/BG;Михайлова Ирина;2;2;36;+79181578978;https://i.pravatar.cc/150?u=197;true;2025-12-13 01:37:00
198;anna.petrova198@corp.com;$2a$10$dXJ3SW6G7P50lGmMkkmwe.20cQQubK3.HZWzG3YB1tlRy.fqvM/BG;Петрова Анна;1;5;29;+79247317907;https://i.pravatar.cc/150?u=198;true;2025-01-01 17:08:00
199;tatyana.popova199@corp.com;$2a$10$dXJ3SW6G7P50lGmMkkmwe.20cQQubK3.HZWzG3YB1tlRy.fqvM/BG;Попова Татьяна;3;1;38;+79262683150;https://i.pravatar.cc/150?u=199;true;2025-03-06 15:56:00
200;tatyana.sokolova200@corp.com;$2a$10$dXJ3SW6G7P50lGmMkkmwe.20cQQubK3.HZWzG3YB1tlRy.fqvM/BG;Соколова Татьяна;2;4;42;+79586551316;https://i.pravatar.cc/150?u=200;true;2025-05-19 20:54:00
201;nikita.fedorov201@corp.com;$2a$10$dXJ3SW6G7P50lGmMkkmwe.20cQQubK3.HZWzG3YB1tlRy.fqvM/BG;Федоров Никита;2;3;25;+79178332882;https://i.pravatar.cc/150?u=201;true;2025-06-22 20:51:00
202;mariya.fedorova202@corp.com;$2a$10$dXJ3SW6G7P50lGmMkkmwe.20cQQubK3.HZWzG3YB1tlRy.fqvM/BG;Федорова Мария;3;3;22;+79546803553;https://i.pravatar.cc/150?u=202;true;2025-09-04 20:27:00
203;yuliya.popova203@corp.com;$2a$10$dXJ3SW6G7P50lGmMkkmwe.20cQQubK3.HZWzG3YB1tlRy.fqvM/BG;Попова Юлия;2;4;24;+79325812731;https://i.pravatar.cc/150?u=203;true;2025-07-18 12:22:00
204;ivan.ivanov204@corp.com;$2a$10$dXJ3SW6G7P50lGmMkkmwe.20cQQubK3.HZWzG3YB1tlRy.fqvM/BG;Иванов Иван;1;3;44;+79287231697;https://i.pravatar.cc/150?u=204;true;2025-12-04 01:47:00
205;ekaterina.smirnova205@corp.com;$2a$10$dXJ3SW6G7P50lGmMkkmwe.20cQQubK3.HZWzG3YB1tlRy.fqvM/BG;Смирнова Екатерина;1;2;38;+79298620343;https://i.pravatar.cc/150?u=205;true;2025-04-19 12:35:00
206;dmitriy.popov206@corp.com;$2a$10$dXJ3SW6G7P50lGmMkkmwe.20cQQubK3.HZWzG3YB1tlRy.fqvM/BG;Попов Дмитрий;1;3;28;+79911875938;https://i.pravatar.cc/150?u=206;true;2025-10-12 07:00:00
207;andrey.novikov207@corp.com;$2a$10$dXJ3SW6G7P50lGmMkkmwe.20cQQubK3.HZWzG3YB1tlRy.fqvM/BG;Новиков Андрей;5;2;36;+79123100236;https://i.pravatar.cc/150?u=207;true;2025-07-10 11:18:00
208;yuliya.ivanova208@corp.com;$2a$10$dXJ3SW6G7P50lGmMkkmwe.20cQQubK3.HZWzG3YB1tlRy.fqvM/BG;Иванова Юлия;5;4;42;+79340092612;https://i.pravatar.cc/150?u=208;true;2025-06-21 19:04:00
209;maksim.smirnov209@corp.com;$2a$10$dXJ3SW6G7P50lGmMkkmwe.20cQQubK3.HZWzG3YB1tlRy.fqvM/BG;Смирнов Максим;1;2;35;+79412039122;https://i.pravatar.cc/150?u=209;true;2025-06-21 14:53:00
210;ekaterina.petrova210@corp.com;$2a$10$dXJ3SW6G7P50lGmMkkmwe.20cQQubK3.HZWzG3YB1tlRy.fqvM/BG;Петрова Екатерина;3;2;54;+79735142823;https://i.pravatar.cc/150?u=210;true;2025-02-15 09:26:00
211;nikita.mihaylov211@corp.com;$2a$10$dXJ3SW6G7P50lGmMkkmwe.20cQQubK3.HZWzG3YB1tlRy.fqvM/BG;Михайлов Никита;1;1;22;+79697522361;https://i.pravatar.cc/150?u=211;true;2025-02-13 16:37:00
212;olga.petrova212@corp.com;$2a$10$dXJ3SW6G7P50lGmMkkmwe.20cQQubK3.HZWzG3YB1tlRy.fqvM/BG;Петрова Ольга;5;4;27;+79767052607;https://i.pravatar.cc/150?u=212;true;2025-08-13 10:43:00
213;yuliya.novikova213@corp.com;$2a$10$dXJ3SW6G7P50lGmMkkmwe.20cQQubK3.HZWzG3YB1tlRy.fqvM/BG;Новикова Юлия;1;4;41;+79858541128;https://i.pravatar.cc/150?u=213;true;2025-04-12 13:01:00
214;aleksandr.vasilev214@corp.com;$2a$10$dXJ3SW6G7P50lGmMkkmwe.20cQQubK3.HZWzG3YB1tlRy.fqvM/BG;Васильев Александр;2;4;26;+79269010737;https://i.pravatar.cc/150?u=214;true;2025-01-19 07:55:00
215;artem.vasilev215@corp.com;$2a$10$dXJ3SW6G7P50lGmMkkmwe.20cQQubK3.HZWzG3YB1tlRy.fqvM/BG;Васильев Артем;5;5;49;+79139443635;https://i.pravatar.cc/150?u=215;true;2025-05-19 15:14:00
216;nikita.petrov216@corp.com;$2a$10$dXJ3SW6G7P50lGmMkkmwe.20cQQubK3.HZWzG3YB1tlRy.fqvM/BG;Петров Никита;1;1;57;+79569530016;https://i.pravatar.cc/150?u=216;true;2025-11-02 07:00:00
217;mihail.fedorov217@corp.com;$2a$10$dXJ3SW6G7P50lGmMkkmwe.20cQQubK3.HZWzG3YB1tlRy.fqvM/BG;Федоров Михаил;1;2;55;+79315959939;https://i.pravatar.cc/150?u=217;true;2025-11-21 20:54:00
218;sergey.kuznetsov218@corp.com;$2a$10$dXJ3SW6G7P50lGmMkkmwe.20cQQubK3.HZWzG3YB1tlRy.fqvM/BG;Кузнецов Сергей;2;1;42;+79268452054;https://i.pravatar.cc/150?u=218;true;2025-10-10 15:36:00
219;andrey.novikov219@corp.com;$2a$10$dXJ3SW6G7P50lGmMkkmwe.20cQQubK3.HZWzG3YB1tlRy.fqvM/BG;Новиков Андрей;2;5;54;+79725697437;https://i.pravatar.cc/150?u=219;true;2025-01-19 23:49:00
220;anna.popova220@corp.com;$2a$10$dXJ3SW6G7P50lGmMkkmwe.20cQQubK3.HZWzG3YB1tlRy.fqvM/BG;Попова Анна;4;3;38;+79976633054;https://i.pravatar.cc/150?u=220;true;2025-06-18 02:56:00
221;artem.kuznetsov221@corp.com;$2a$10$dXJ3SW6G7P50lGmMkkmwe.20cQQubK3.HZWzG3YB1tlRy.fqvM/BG;Кузнецов Артем;2;4;57;+79831235500;https://i.pravatar.cc/150?u=221;true;2025-08-27 14:54:00
222;ivan.petrov222@corp.com;$2a$10$dXJ3SW6G7P50lGmMkkmwe.20cQQubK3.HZWzG3YB1tlRy.fqvM/BG;Петров Иван;5;3;54;+79136778470;https://i.pravatar.cc/150?u=222;true;2025-09-05 16:56:00
223;dmitriy.novikov223@corp.com;$2a$10$dXJ3SW6G7P50lGmMkkmwe.20cQQubK3.HZWzG3YB1tlRy.fqvM/BG;Новиков Дмитрий;5;4;55;+79357399104;https://i.pravatar.cc/150?u=223;true;2025-05-26 20:19:00
224;sergey.vasilev224@corp.com;$2a$10$dXJ3SW6G7P50lGmMkkmwe.20cQQubK3.HZWzG3YB1tlRy.fqvM/BG;Васильев Сергей;2;1;40;+79530284613;https://i.pravatar.cc/150?u=224;true;2025-06-13 15:45:00
225;olga.fedorova225@corp.com;$2a$10$dXJ3SW6G7P50lGmMkkmwe.20cQQubK3.HZWzG3YB1tlRy.fqvM/BG;Федорова Ольга;4;3;43;+79448738380;https://i.pravatar.cc/150?u=225;true;2025-04-30 13:30:00
226;artem.kuznetsov226@corp.com;$2a$10$dXJ3SW6G7P50lGmMkkmwe.20cQQubK3.HZWzG3YB1tlRy.fqvM/BG;Кузнецов Артем;2;5;47;+79496308115;https://i.pravatar.cc/150?u=226;true;2025-10-09 17:17:00
227;olga.mihaylova227@corp.com;$2a$10$dXJ3SW6G7P50lGmMkkmwe.20cQQubK3.HZWzG3YB1tlRy.fqvM/BG;Михайлова Ольга;1;2;39;+79227366185;https://i.pravatar.cc/150?u=227;true;2025-09-25 10:36:00
228;dmitriy.smirnov228@corp.com;$2a$10$dXJ3SW6G7P50lGmMkkmwe.20cQQubK3.HZWzG3YB1tlRy.fqvM/BG;Смирнов Дмитрий;4;3;55;+79238178435;https://i.pravatar.cc/150?u=228;true;2025-02-03 17:24:00
229;mihail.popov229@corp.com;$2a$10$dXJ3SW6G7P50lGmMkkmwe.20cQQubK3.HZWzG3YB1tlRy.fqvM/BG;Попов Михаил;3;4;27;+79264767810;https://i.pravatar.cc/150?u=229;true;2025-08-27 19:15:00
230;olga.fedorova230@corp.com;$2a$10$dXJ3SW6G7P50lGmMkkmwe.20cQQubK3.HZWzG3YB1tlRy.fqvM/BG;Федорова Ольга;3;5;47;+79272514043;https://i.pravatar.cc/150?u=230;true;2025-05-22 08:07:00
231;irina.popova231@corp.com;$2a$10$dXJ3SW6G7P50lGmMkkmwe.20cQQubK3.HZWzG3YB1tlRy.fqvM/BG;Попова Ирина;3;2;33;+79720967553;https://i.pravatar.cc/150?u=231;true;2025-06-22 06:47:00
232;yuliya.sokolova232@corp.com;$2a$10$dXJ3SW6G7P50lGmMkkmwe.20cQQubK3.HZWzG3YB1tlRy.fqvM/BG;Соколова Юлия;3;5;52;+79363383074;https://i.pravatar.cc/150?u=232;true;2025-08-30 19:18:00
233;maksim.fedorov233@corp.com;$2a$10$dXJ3SW6G7P50lGmMkkmwe.20cQQubK3.HZWzG3YB1tlRy.fqvM/BG;Федоров Максим;3;5;56;+79323941992;https://i.pravatar.cc/150?u=233;true;2025-10-11 19:31:00
234;tatyana.ivanova234@corp.com;$2a$10$dXJ3SW6G7P50lGmMkkmwe.20cQQubK3.HZWzG3YB1tlRy.fqvM/BG;Иванова Татьяна;3;2;55;+79288138868;https://i.pravatar.cc/150?u=234;true;2025-06-25 10:38:00
235;anastasiya.novikova235@corp.com;$2a$10$dXJ3SW6G7P50lGmMkkmwe.20cQQubK3.HZWzG3YB1tlRy.fqvM/BG;Новикова Анастасия;3;1;48;+79237171920;https://i.pravatar.cc/150?u=235;true;2025-11-02 01:05:00
236;anastasiya.mihaylova236@corp.com;$2a$10$dXJ3SW6G7P50lGmMkkmwe.20cQQubK3.HZWzG3YB1tlRy.fqvM/BG;Михайлова Анастасия;1;3;37;+79324513542;https://i.pravatar.cc/150?u=236;true;2025-10-24 09:09:00
237;ivan.vasilev237@corp.com;$2a$10$dXJ3SW6G7P50lGmMkkmwe.20cQQubK3.HZWzG3YB1tlRy.fqvM/BG;Васильев Иван;5;5;39;+79551641597;https://i.pravatar.cc/150?u=237;true;2025-08-01 10:22:00
238;natalya.ivanova238@corp.com;$2a$10$dXJ3SW6G7P50lGmMkkmwe.20cQQubK3.HZWzG3YB1tlRy.fqvM/BG;Иванова Наталья;2;1;45;+79465176901;https://i.pravatar.cc/150?u=238;true;2025-04-08 19:57:00
239;mariya.ivanova239@corp.com;$2a$10$dXJ3SW6G7P50lGmMkkmwe.20cQQubK3.HZWzG3YB1tlRy.fqvM/BG;Иванова Мария;1;2;35;+79609658293;https://i.pravatar.cc/150?u=239;true;2025-08-13 09:48:00
240;mariya.popova240@corp.com;$2a$10$dXJ3SW6G7P50lGmMkkmwe.20cQQubK3.HZWzG3YB1tlRy.fqvM/BG;Попова Мария;5;1;30;+79131718283;https://i.pravatar.cc/150?u=240;true;2025-03-19 06:42:00
241;ekaterina.kuznetsova241@corp.com;$2a$10$dXJ3SW6G7P50lGmMkkmwe.20cQQubK3.HZWzG3YB1tlRy.fqvM/BG;Кузнецова Екатерина;5;1;24;+79483484229;https://i.pravatar.cc/150?u=241;true;2025-02-09 22:03:00
242;ivan.smirnov242@corp.com;$2a$10$dXJ3SW6G7P50lGmMkkmwe.20cQQubK3.HZWzG3YB1tlRy.fqvM/BG;Смирнов Иван;5;1;47;+79877762185;https://i.pravatar.cc/150?u=242;true;2025-10-20 10:23:00
243;anna.petrova243@corp.com;$2a$10$dXJ3SW6G7P50lGmMkkmwe.20cQQubK3.HZWzG3YB1tlRy.fqvM/BG;Петрова Анна;3;3;32;+79424450191;https://i.pravatar.cc/150?u=243;true;2025-07-04 01:48:00
244;irina.ivanova244@corp.com;$2a$10$dXJ3SW6G7P50lGmMkkmwe.20cQQubK3.HZWzG3YB1tlRy.fqvM/BG;Иванова Ирина;5;2;31;+79528998967;https://i.pravatar.cc/150?u=244;true;2025-01-14 00:02:00
245;tatyana.mihaylova245@corp.com;$2a$10$dXJ3SW6G7P50lGmMkkmwe.20cQQubK3.HZWzG3YB1tlRy.fqvM/BG;Михайлова Татьяна;3;3;53;+79225905512;https://i.pravatar.cc/150?u=245;true;2025-10-04 01:09:00
246;maksim.smirnov246@corp.com;$2a$10$dXJ3SW6G7P50lGmMkkmwe.20cQQubK3.HZWzG3YB1tlRy.fqvM/BG;Смирнов Максим;4;4;51;+79931699124;https://i.pravatar.cc/150?u=246;true;2025-05-28 20:55:00
247;aleksandr.kuznetsov247@corp.com;$2a$10$dXJ3SW6G7P50lGmMkkmwe.20cQQubK3.HZWzG3YB1tlRy.fqvM/BG;Кузнецов Александр;4;5;25;+79854076847;https://i.pravatar.cc/150?u=247;true;2025-01-07 21:11:00
248;artem.mihaylov248@corp.com;$2a$10$dXJ3SW6G7P50lGmMkkmwe.20cQQubK3.HZWzG3YB1tlRy.fqvM/BG;Михайлов Артем;1;1;56;+79222578816;https://i.pravatar.cc/150?u=248;true;2025-10-24 03:07:00
249;anna.kuznetsova249@corp.com;$2a$10$dXJ3SW6G7P50lGmMkkmwe.20cQQubK3.HZWzG3YB1tlRy.fqvM/BG;Кузнецова Анна;2;3;45;+79295269597;https://i.pravatar.cc/150?u=249;true;2025-05-16 04:10:00
250;dmitriy.smirnov250@corp.com;$2a$10$dXJ3SW6G7P50lGmMkkmwe.20cQQubK3.HZWzG3YB1tlRy.fqvM/BG;Смирнов Дмитрий;2;2;30;+79433764191;https://i.pravatar.cc/150?u=250;true;2025-05-30 10:28:00
251;andrey.petrov251@corp.com;$2a$10$dXJ3SW6G7P50lGmMkkmwe.20cQQubK3.HZWzG3YB1tlRy.fqvM/BG;Петров Андрей;5;3;45;+79390361968;https://i.pravatar.cc/150?u=251;true;2025-11-27 18:28:00
252;aleksandr.ivanov252@corp.com;$2a$10$dXJ3SW6G7P50lGmMkkmwe.20cQQubK3.HZWzG3YB1tlRy.fqvM/BG;Иванов Александр;2;1;52;+79147199173;https://i.pravatar.cc/150?u=252;true;2025-12-15 19:09:00
253;sergey.novikov253@corp.com;$2a$10$dXJ3SW6G7P50lGmMkkmwe.20cQQubK3.HZWzG3YB1tlRy.fqvM/BG;Новиков Сергей;2;3;41;+79692653181;https://i.pravatar.cc/150?u=253;true;2025-08-05 06:01:00
254;sergey.smirnov254@corp.com;$2a$10$dXJ3SW6G7P50lGmMkkmwe.20cQQubK3.HZWzG3YB1tlRy.fqvM/BG;Смирнов Сергей;5;3;36;+79979971332;https://i.pravatar.cc/150?u=254;true;2025-04-27 03:02:00
255;elena.mihaylova255@corp.com;$2a$10$dXJ3SW6G7P50lGmMkkmwe.20cQQubK3.HZWzG3YB1tlRy.fqvM/BG;Михайлова Елена;1;5;54;+79724654196;https://i.pravatar.cc/150?u=255;true;2025-09-10 17:59:00
256;andrey.petrov256@corp.com;$2a$10$dXJ3SW6G7P50lGmMkkmwe.20cQQubK3.HZWzG3YB1tlRy.fqvM/BG;Петров Андрей;1;5;54;+79767949847;https://i.pravatar.cc/150?u=256;true;2025-02-23 02:48:00
257;mariya.kuznetsova257@corp.com;$2a$10$dXJ3SW6G7P50lGmMkkmwe.20cQQubK3.HZWzG3YB1tlRy.fqvM/BG;Кузнецова Мария;5;1;37;+79135698047;https://i.pravatar.cc/150?u=257;true;2025-12-30 17:14:00
258;natalya.ivanova258@corp.com;$2a$10$dXJ3SW6G7P50lGmMkkmwe.20cQQubK3.HZWzG3YB1tlRy.fqvM/BG;Иванова Наталья;1;2;35;+79909764608;https://i.pravatar.cc/150?u=258;true;2025-11-29 18:46:00
259;mariya.ivanova259@corp.com;$2a$10$dXJ3SW6G7P50lGmMkkmwe.20cQQubK3.HZWzG3YB1tlRy.fqvM/BG;Иванова Мария;3;1;53;+79747722184;https://i.pravatar.cc/150?u=259;true;2025-07-31 08:10:00
260;anastasiya.novikova260@corp.com;$2a$10$dXJ3SW6G7P50lGmMkkmwe.20cQQubK3.HZWzG3YB1tlRy.fqvM/BG;Новикова Анастасия;5;5;39;+79566378451;https://i.pravatar.cc/150?u=260;true;2025-02-08 22:30:00
261;natalya.novikova261@corp.com;$2a$10$dXJ3SW6G7P50lGmMkkmwe.20cQQubK3.HZWzG3YB1tlRy.fqvM/BG;Новикова Наталья;5;1;36;+79368389955;https://i.pravatar.cc/150?u=261;true;2025-12-22 23:29:00
262;sergey.vasilev262@corp.com;$2a$10$dXJ3SW6G7P50lGmMkkmwe.20cQQubK3.HZWzG3YB1tlRy.fqvM/BG;Васильев Сергей;2;3;48;+79464018454;https://i.pravatar.cc/150?u=262;true;2025-02-12 09:57:00
263;mariya.ivanova263@corp.com;$2a$10$dXJ3SW6G7P50lGmMkkmwe.20cQQubK3.HZWzG3YB1tlRy.fqvM/BG;Иванова Мария;3;2;26;+79606916948;https://i.pravatar.cc/150?u=263;true;2025-05-16 03:24:00
264;aleksey.novikov264@corp.com;$2a$10$dXJ3SW6G7P50lGmMkkmwe.20cQQubK3.HZWzG3YB1tlRy.fqvM/BG;Новиков Алексей;4;5;57;+79452180041;https://i.pravatar.cc/150?u=264;true;2025-10-29 10:21:00
265;mihail.smirnov265@corp.com;$2a$10$dXJ3SW6G7P50lGmMkkmwe.20cQQubK3.HZWzG3YB1tlRy.fqvM/BG;Смирнов Михаил;5;4;51;+79413269368;https://i.pravatar.cc/150?u=265;true;2025-01-24 16:52:00
266;aleksandr.mihaylov266@corp.com;$2a$10$dXJ3SW6G7P50lGmMkkmwe.20cQQubK3.HZWzG3YB1tlRy.fqvM/BG;Михайлов Александр;5;3;31;+79980723802;https://i.pravatar.cc/150?u=266;true;2025-08-01 22:17:00
267;tatyana.kuznetsova267@corp.com;$2a$10$dXJ3SW6G7P50lGmMkkmwe.20cQQubK3.HZWzG3YB1tlRy.fqvM/BG;Кузнецова Татьяна;1;4;32;+79176886154;https://i.pravatar.cc/150?u=267;true;2025-11-01 03:31:00
268;andrey.popov268@corp.com;$2a$10$dXJ3SW6G7P50lGmMkkmwe.20cQQubK3.HZWzG3YB1tlRy.fqvM/BG;Попов Андрей;5;5;53;+79267851526;https://i.pravatar.cc/150?u=268;true;2025-12-06 17:34:00
269;natalya.petrova269@corp.com;$2a$10$dXJ3SW6G7P50lGmMkkmwe.20cQQubK3.HZWzG3YB1tlRy.fqvM/BG;Петрова Наталья;1;3;27;+79987934669;https://i.pravatar.cc/150?u=269;true;2025-11-26 02:20:00
270;tatyana.ivanova270@corp.com;$2a$10$dXJ3SW6G7P50lGmMkkmwe.20cQQubK3.HZWzG3YB1tlRy.fqvM/BG;Иванова Татьяна;3;1;31;+79320655125;https://i.pravatar.cc/150?u=270;true;2025-06-21 15:50:00
271;elena.kuznetsova271@corp.com;$2a$10$dXJ3SW6G7P50lGmMkkmwe.20cQQubK3.HZWzG3YB1tlRy.fqvM/BG;Кузнецова Елена;3;2;32;+79618779710;https://i.pravatar.cc/150?u=271;true;2025-03-25 00:05:00
272;sergey.novikov272@corp.com;$2a$10$dXJ3SW6G7P50lGmMkkmwe.20cQQubK3.HZWzG3YB1tlRy.fqvM/BG;Новиков Сергей;3;4;57;+79513985806;https://i.pravatar.cc/150?u=272;true;2025-09-22 14:01:00
273;mariya.smirnova273@corp.com;$2a$10$dXJ3SW6G7P50lGmMkkmwe.20cQQubK3.HZWzG3YB1tlRy.fqvM/BG;Смирнова Мария;1;5;28;+79404030370;https://i.pravatar.cc/150?u=273;true;2025-07-31 18:35:00
274;aleksey.ivanov274@corp.com;$2a$10$dXJ3SW6G7P50lGmMkkmwe.20cQQubK3.HZWzG3YB1tlRy.fqvM/BG;Иванов Алексей;4;4;28;+79269006534;https://i.pravatar.cc/150?u=274;true;2025-02-12 10:16:00
275;irina.ivanova275@corp.com;$2a$10$dXJ3SW6G7P50lGmMkkmwe.20cQQubK3.HZWzG3YB1tlRy.fqvM/BG;Иванова Ирина;2;3;41;+79431048540;https://i.pravatar.cc/150?u=275;true;2025-08-03 17:33:00
276;anna.smirnova276@corp.com;$2a$10$dXJ3SW6G7P50lGmMkkmwe.20cQQubK3.HZWzG3YB1tlRy.fqvM/BG;Смирнова Анна;2;3;35;+79472663768;https://i.pravatar.cc/150?u=276;true;2025-02-01 22:39:00
277;andrey.mihaylov277@corp.com;$2a$10$dXJ3SW6G7P50lGmMkkmwe.20cQQubK3.HZWzG3YB1tlRy.fqvM/BG;Михайлов Андрей;5;1;48;+79139206772;https://i.pravatar.cc/150?u=277;true;2025-10-27 22:48:00
278;nikita.smirnov278@corp.com;$2a$10$dXJ3SW6G7P50lGmMkkmwe.20cQQubK3.HZWzG3YB1tlRy.fqvM/BG;Смирнов Никита;2;1;37;+79688122739;https://i.pravatar.cc/150?u=278;true;2025-07-08 13:11:00
279;dmitriy.popov279@corp.com;$2a$10$dXJ3SW6G7P50lGmMkkmwe.20cQQubK3.HZWzG3YB1tlRy.fqvM/BG;Попов Дмитрий;2;2;46;+79201072209;https://i.pravatar.cc/150?u=279;true;2025-11-28 10:05:00
280;aleksey.vasilev280@corp.com;$2a$10$dXJ3SW6G7P50lGmMkkmwe.20cQQubK3.HZWzG3YB1tlRy.fqvM/BG;Васильев Алексей;4;2;53;+79404583257;https://i.pravatar.cc/150?u=280;true;2025-04-16 11:11:00
281;anna.mihaylova281@corp.com;$2a$10$dXJ3SW6G7P50lGmMkkmwe.20cQQubK3.HZWzG3YB1tlRy.fqvM/BG;Михайлова Анна;3;2;31;+79444070804;https://i.pravatar.cc/150?u=281;true;2025-09-23 10:37:00
282;sergey.fedorov282@corp.com;$2a$10$dXJ3SW6G7P50lGmMkkmwe.20cQQubK3.HZWzG3YB1tlRy.fqvM/BG;Федоров Сергей;1;1;59;+79697388157;https://i.pravatar.cc/150?u=282;true;2025-04-04 19:33:00
283;andrey.mihaylov283@corp.com;$2a$10$dXJ3SW6G7P50lGmMkkmwe.20cQQubK3.HZWzG3YB1tlRy.fqvM/BG;Михайлов Андрей;4;2;34;+79435836341;https://i.pravatar.cc/150?u=283;true;2025-07-27 02:07:00
284;aleksey.novikov284@corp.com;$2a$10$dXJ3SW6G7P50lGmMkkmwe.20cQQubK3.HZWzG3YB1tlRy.fqvM/BG;Новиков Алексей;1;1;49;+79949288340;https://i.pravatar.cc/150?u=284;true;2025-08-12 16:41:00
285;andrey.novikov285@corp.com;$2a$10$dXJ3SW6G7P50lGmMkkmwe.20cQQubK3.HZWzG3YB1tlRy.fqvM/BG;Новиков Андрей;2;4;24;+79700356312;https://i.pravatar.cc/150?u=285;true;2025-06-21 17:50:00
286;aleksandr.sokolov286@corp.com;$2a$10$dXJ3SW6G7P50lGmMkkmwe.20cQQubK3.HZWzG3YB1tlRy.fqvM/BG;Соколов Александр;1;2;24;+79816787213;https://i.pravatar.cc/150?u=286;true;2025-06-06 16:42:00
287;irina.fedorova287@corp.com;$2a$10$dXJ3SW6G7P50lGmMkkmwe.20cQQubK3.HZWzG3YB1tlRy.fqvM/BG;Федорова Ирина;5;5;24;+79771607475;https://i.pravatar.cc/150?u=287;true;2025-08-13 03:16:00
288;anastasiya.ivanova288@corp.com;$2a$10$dXJ3SW6G7P50lGmMkkmwe.20cQQubK3.HZWzG3YB1tlRy.fqvM/BG;Иванова Анастасия;5;3;55;+79112612047;https://i.pravatar.cc/150?u=288;true;2025-02-19 01:16:00
289;mihail.ivanov289@corp.com;$2a$10$dXJ3SW6G7P50lGmMkkmwe.20cQQubK3.HZWzG3YB1tlRy.fqvM/BG;Иванов Михаил;5;4;31;+79755048005;https://i.pravatar.cc/150?u=289;true;2025-08-14 00:55:00
290;irina.fedorova290@corp.com;$2a$10$dXJ3SW6G7P50lGmMkkmwe.20cQQubK3.HZWzG3YB1tlRy.fqvM/BG;Федорова Ирина;2;4;34;+79459083886;https://i.pravatar.cc/150?u=290;true;2025-12-13 13:06:00
291;elena.fedorova291@corp.com;$2a$10$dXJ3SW6G7P50lGmMkkmwe.20cQQubK3.HZWzG3YB1tlRy.fqvM/BG;Федорова Елена;1;3;57;+79650182280;https://i.pravatar.cc/150?u=291;true;2025-05-22 04:25:00
292;artem.smirnov292@corp.com;$2a$10$dXJ3SW6G7P50lGmMkkmwe.20cQQubK3.HZWzG3YB1tlRy.fqvM/BG;Смирнов Артем;5;4;46;+79994781846;https://i.pravatar.cc/150?u=292;true;2025-03-01 22:10:00
293;anastasiya.popova293@corp.com;$2a$10$dXJ3SW6G7P50lGmMkkmwe.20cQQubK3.HZWzG3YB1tlRy.fqvM/BG;Попова Анастасия;1;3;37;+79391673303;https://i.pravatar.cc/150?u=293;true;2025-05-16 23:30:00
294;maksim.vasilev294@corp.com;$2a$10$dXJ3SW6G7P50lGmMkkmwe.20cQQubK3.HZWzG3YB1tlRy.fqvM/BG;Васильев Максим;4;1;38;+79465877405;https://i.pravatar.cc/150?u=294;true;2025-05-22 17:36:00
295;ivan.popov295@corp.com;$2a$10$dXJ3SW6G7P50lGmMkkmwe.20cQQubK3.HZWzG3YB1tlRy.fqvM/BG;Попов Иван;1;4;58;+79191911527;https://i.pravatar.cc/150?u=295;true;2025-10-01 16:17:00
296;dmitriy.novikov296@corp.com;$2a$10$dXJ3SW6G7P50lGmMkkmwe.20cQQubK3.HZWzG3YB1tlRy.fqvM/BG;Новиков Дмитрий;1;2;34;+79735975059;https://i.pravatar.cc/150?u=296;true;2025-01-18 10:58:00
297;ekaterina.mihaylova297@corp.com;$2a$10$dXJ3SW6G7P50lGmMkkmwe.20cQQubK3.HZWzG3YB1tlRy.fqvM/BG;Михайлова Екатерина;1;4;55;+79340962079;https://i.pravatar.cc/150?u=297;true;2025-04-14 21:06:00
298;tatyana.vasileva298@corp.com;$2a$10$dXJ3SW6G7P50lGmMkkmwe.20cQQubK3.HZWzG3YB1tlRy.fqvM/BG;Васильева Татьяна;5;5;36;+79800338722;https://i.pravatar.cc/150?u=298;true;2025-08-23 12:42:00
299;yuliya.sokolova299@corp.com;$2a$10$dXJ3SW6G7P50lGmMkkmwe.20cQQubK3.HZWzG3YB1tlRy.fqvM/BG;Соколова Юлия;5;2;29;+79777455982;https://i.pravatar.cc/150?u=299;true;2025-07-28 02:45:00
300;nikita.kuznetsov300@corp.com;$2a$10$dXJ3SW6G7P50lGmMkkmwe.20cQQubK3.HZWzG3YB1tlRy.fqvM/BG;Кузнецов Никита;5;2;26;+79878504236;https://i.pravatar.cc/150?u=300;true;2025-06-01 19:48:00
301;aleksey.vasilev301@corp.com;$2a$10$dXJ3SW6G7P50lGmMkkmwe.20cQQubK3.HZWzG3YB1tlRy.fqvM/BG;Васильев Алексей;3;3;36;+79851347194;https://i.pravatar.cc/150?u=301;true;2025-06-04 00:33:00
302;sergey.sokolov302@corp.com;$2a$10$dXJ3SW6G7P50lGmMkkmwe.20cQQubK3.HZWzG3YB1tlRy.fqvM/BG;Соколов Сергей;2;2;56;+79128382002;https://i.pravatar.cc/150?u=302;true;2025-05-24 05:27:00
303;mihail.vasilev303@corp.com;$2a$10$dXJ3SW6G7P50lGmMkkmwe.20cQQubK3.HZWzG3YB1tlRy.fqvM/BG;Васильев Михаил;5;3;27;+79707824881;https://i.pravatar.cc/150?u=303;true;2025-05-16 07:57:00
304;aleksandr.fedorov304@corp.com;$2a$10$dXJ3SW6G7P50lGmMkkmwe.20cQQubK3.HZWzG3YB1tlRy.fqvM/BG;Федоров Александр;1;5;22;+79594484779;https://i.pravatar.cc/150?u=304;true;2025-11-27 19:49:00
305;artem.petrov305@corp.com;$2a$10$dXJ3SW6G7P50lGmMkkmwe.20cQQubK3.HZWzG3YB1tlRy.fqvM/BG;Петров Артем;4;4;60;+79224375175;https://i.pravatar.cc/150?u=305;true;2025-05-15 09:36:00
306;artem.popov306@corp.com;$2a$10$dXJ3SW6G7P50lGmMkkmwe.20cQQubK3.HZWzG3YB1tlRy.fqvM/BG;Попов Артем;4;2;51;+79156821029;https://i.pravatar.cc/150?u=306;true;2025-02-25 09:11:00
307;artem.novikov307@corp.com;$2a$10$dXJ3SW6G7P50lGmMkkmwe.20cQQubK3.HZWzG3YB1tlRy.fqvM/BG;Новиков Артем;5;1;38;+79455297274;https://i.pravatar.cc/150?u=307;true;2025-02-08 12:53:00
308;yuliya.mihaylova308@corp.com;$2a$10$dXJ3SW6G7P50lGmMkkmwe.20cQQubK3.HZWzG3YB1tlRy.fqvM/BG;Михайлова Юлия;4;4;58;+79221420198;https://i.pravatar.cc/150?u=308;true;2025-07-01 01:46:00
309;aleksandr.sokolov309@corp.com;$2a$10$dXJ3SW6G7P50lGmMkkmwe.20cQQubK3.HZWzG3YB1tlRy.fqvM/BG;Соколов Александр;5;1;31;+79255721466;https://i.pravatar.cc/150?u=309;true;2025-08-04 17:17:00
310;tatyana.smirnova310@corp.com;$2a$10$dXJ3SW6G7P50lGmMkkmwe.20cQQubK3.HZWzG3YB1tlRy.fqvM/BG;Смирнова Татьяна;5;2;53;+79781757511;https://i.pravatar.cc/150?u=310;true;2025-05-23 13:24:00
311;irina.smirnova311@corp.com;$2a$10$dXJ3SW6G7P50lGmMkkmwe.20cQQubK3.HZWzG3YB1tlRy.fqvM/BG;Смирнова Ирина;4;5;32;+79970390862;https://i.pravatar.cc/150?u=311;true;2025-05-19 15:33:00
312;mariya.smirnova312@corp.com;$2a$10$dXJ3SW6G7P50lGmMkkmwe.20cQQubK3.HZWzG3YB1tlRy.fqvM/BG;Смирнова Мария;2;3;37;+79124954426;https://i.pravatar.cc/150?u=312;true;2025-04-15 12:58:00
313;sergey.mihaylov313@corp.com;$2a$10$dXJ3SW6G7P50lGmMkkmwe.20cQQubK3.HZWzG3YB1tlRy.fqvM/BG;Михайлов Сергей;2;4;55;+79563970188;https://i.pravatar.cc/150?u=313;true;2025-10-10 05:22:00
314;nikita.novikov314@corp.com;$2a$10$dXJ3SW6G7P50lGmMkkmwe.20cQQubK3.HZWzG3YB1tlRy.fqvM/BG;Новиков Никита;3;2;39;+79492433295;https://i.pravatar.cc/150?u=314;true;2025-02-07 07:08:00
315;anastasiya.novikova315@corp.com;$2a$10$dXJ3SW6G7P50lGmMkkmwe.20cQQubK3.HZWzG3YB1tlRy.fqvM/BG;Новикова Анастасия;2;3;58;+79652186558;https://i.pravatar.cc/150?u=315;true;2025-04-03 21:23:00
316;artem.smirnov316@corp.com;$2a$10$dXJ3SW6G7P50lGmMkkmwe.20cQQubK3.HZWzG3YB1tlRy.fqvM/BG;Смирнов Артем;2;5;49;+79471792203;https://i.pravatar.cc/150?u=316;true;2025-04-13 15:42:00
317;anastasiya.petrova317@corp.com;$2a$10$dXJ3SW6G7P50lGmMkkmwe.20cQQubK3.HZWzG3YB1tlRy.fqvM/BG;Петрова Анастасия;1;5;23;+79954679770;https://i.pravatar.cc/150?u=317;true;2025-05-05 15:51:00
318;anna.ivanova318@corp.com;$2a$10$dXJ3SW6G7P50lGmMkkmwe.20cQQubK3.HZWzG3YB1tlRy.fqvM/BG;Иванова Анна;3;1;35;+79647987103;https://i.pravatar.cc/150?u=318;true;2025-07-16 16:56:00
319;mihail.vasilev319@corp.com;$2a$10$dXJ3SW6G7P50lGmMkkmwe.20cQQubK3.HZWzG3YB1tlRy.fqvM/BG;Васильев Михаил;4;5;29;+79347300692;https://i.pravatar.cc/150?u=319;true;2025-03-24 19:53:00
320;anastasiya.ivanova320@corp.com;$2a$10$dXJ3SW6G7P50lGmMkkmwe.20cQQubK3.HZWzG3YB1tlRy.fqvM/BG;Иванова Анастасия;3;2;46;+79303641502;https://i.pravatar.cc/150?u=320;true;2025-04-10 23:54:00
321;irina.mihaylova321@corp.com;$2a$10$dXJ3SW6G7P50lGmMkkmwe.20cQQubK3.HZWzG3YB1tlRy.fqvM/BG;Михайлова Ирина;1;2;37;+79624089579;https://i.pravatar.cc/150?u=321;true;2025-12-11 06:26:00
322;mihail.kuznetsov322@corp.com;$2a$10$dXJ3SW6G7P50lGmMkkmwe.20cQQubK3.HZWzG3YB1tlRy.fqvM/BG;Кузнецов Михаил;5;3;38;+79125087044;https://i.pravatar.cc/150?u=322;true;2025-12-30 17:30:00
323;olga.mihaylova323@corp.com;$2a$10$dXJ3SW6G7P50lGmMkkmwe.20cQQubK3.HZWzG3YB1tlRy.fqvM/BG;Михайлова Ольга;2;4;56;+79545344243;https://i.pravatar.cc/150?u=323;true;2025-12-25 11:31:00
324;aleksey.mihaylov324@corp.com;$2a$10$dXJ3SW6G7P50lGmMkkmwe.20cQQubK3.HZWzG3YB1tlRy.fqvM/BG;Михайлов Алексей;1;4;60;+79309495846;https://i.pravatar.cc/150?u=324;true;2025-11-29 07:25:00
325;yuliya.kuznetsova325@corp.com;$2a$10$dXJ3SW6G7P50lGmMkkmwe.20cQQubK3.HZWzG3YB1tlRy.fqvM/BG;Кузнецова Юлия;1;1;31;+79786061576;https://i.pravatar.cc/150?u=325;true;2025-08-19 14:28:00
326;aleksandr.kuznetsov326@corp.com;$2a$10$dXJ3SW6G7P50lGmMkkmwe.20cQQubK3.HZWzG3YB1tlRy.fqvM/BG;Кузнецов Александр;2;4;42;+79610633331;https://i.pravatar.cc/150?u=326;true;2025-10-06 17:54:00
327;andrey.popov327@corp.com;$2a$10$dXJ3SW6G7P50lGmMkkmwe.20cQQubK3.HZWzG3YB1tlRy.fqvM/BG;Попов Андрей;1;3;49;+79603971701;https://i.pravatar.cc/150?u=327;true;2025-09-18 13:22:00
328;dmitriy.popov328@corp.com;$2a$10$dXJ3SW6G7P50lGmMkkmwe.20cQQubK3.HZWzG3YB1tlRy.fqvM/BG;Попов Дмитрий;4;4;40;+79584840001;https://i.pravatar.cc/150?u=328;true;2025-03-31 19:55:00
329;mihail.mihaylov329@corp.com;$2a$10$dXJ3SW6G7P50lGmMkkmwe.20cQQubK3.HZWzG3YB1tlRy.fqvM/BG;Михайлов Михаил;3;3;26;+79922274560;https://i.pravatar.cc/150?u=329;true;2025-02-26 10:20:00
330;aleksey.kuznetsov330@corp.com;$2a$10$dXJ3SW6G7P50lGmMkkmwe.20cQQubK3.HZWzG3YB1tlRy.fqvM/BG;Кузнецов Алексей;2;4;28;+79630821887;https://i.pravatar.cc/150?u=330;true;2025-06-07 19:12:00
331;artem.kuznetsov331@corp.com;$2a$10$dXJ3SW6G7P50lGmMkkmwe.20cQQubK3.HZWzG3YB1tlRy.fqvM/BG;Кузнецов Артем;2;2;33;+79319148632;https://i.pravatar.cc/150?u=331;true;2025-04-18 20:54:00
332;tatyana.fedorova332@corp.com;$2a$10$dXJ3SW6G7P50lGmMkkmwe.20cQQubK3.HZWzG3YB1tlRy.fqvM/BG;Федорова Татьяна;5;2;57;+79720442998;https://i.pravatar.cc/150?u=332;true;2025-12-07 02:06:00
333;ivan.sokolov333@corp.com;$2a$10$dXJ3SW6G7P50lGmMkkmwe.20cQQubK3.HZWzG3YB1tlRy.fqvM/BG;Соколов Иван;5;4;46;+79255990637;https://i.pravatar.cc/150?u=333;true;2025-03-12 22:56:00
334;mihail.fedorov334@corp.com;$2a$10$dXJ3SW6G7P50lGmMkkmwe.20cQQubK3.HZWzG3YB1tlRy.fqvM/BG;Федоров Михаил;3;1;30;+79827369898;https://i.pravatar.cc/150?u=334;true;2025-11-26 22:10:00
335;ekaterina.ivanova335@corp.com;$2a$10$dXJ3SW6G7P50lGmMkkmwe.20cQQubK3.HZWzG3YB1tlRy.fqvM/BG;Иванова Екатерина;2;3;48;+79386960654;https://i.pravatar.cc/150?u=335;true;2025-06-16 13:27:00
336;natalya.fedorova336@corp.com;$2a$10$dXJ3SW6G7P50lGmMkkmwe.20cQQubK3.HZWzG3YB1tlRy.fqvM/BG;Федорова Наталья;2;1;51;+79724069835;https://i.pravatar.cc/150?u=336;true;2025-06-03 00:15:00
337;aleksey.mihaylov337@corp.com;$2a$10$dXJ3SW6G7P50lGmMkkmwe.20cQQubK3.HZWzG3YB1tlRy.fqvM/BG;Михайлов Алексей;5;2;58;+79480775102;https://i.pravatar.cc/150?u=337;true;2025-03-17 20:55:00
338;irina.popova338@corp.com;$2a$10$dXJ3SW6G7P50lGmMkkmwe.20cQQubK3.HZWzG3YB1tlRy.fqvM/BG;Попова Ирина;1;4;36;+79548269845;https://i.pravatar.cc/150?u=338;true;2025-04-11 03:15:00
339;artem.popov339@corp.com;$2a$10$dXJ3SW6G7P50lGmMkkmwe.20cQQubK3.HZWzG3YB1tlRy.fqvM/BG;Попов Артем;4;1;60;+79677224349;https://i.pravatar.cc/150?u=339;true;2025-03-12 05:43:00
340;sergey.mihaylov340@corp.com;$2a$10$dXJ3SW6G7P50lGmMkkmwe.20cQQubK3.HZWzG3YB1tlRy.fqvM/BG;Михайлов Сергей;4;3;48;+79454863105;https://i.pravatar.cc/150?u=340;true;2025-05-04 07:38:00
341;anastasiya.smirnova341@corp.com;$2a$10$dXJ3SW6G7P50lGmMkkmwe.20cQQubK3.HZWzG3YB1tlRy.fqvM/BG;Смирнова Анастасия;2;2;22;+79229902136;https://i.pravatar.cc/150?u=341;true;2025-03-24 06:30:00
342;olga.sokolova342@corp.com;$2a$10$dXJ3SW6G7P50lGmMkkmwe.20cQQubK3.HZWzG3YB1tlRy.fqvM/BG;Соколова Ольга;4;2;38;+79204096438;https://i.pravatar.cc/150?u=342;true;2025-03-12 08:55:00
343;aleksandr.kuznetsov343@corp.com;$2a$10$dXJ3SW6G7P50lGmMkkmwe.20cQQubK3.HZWzG3YB1tlRy.fqvM/BG;Кузнецов Александр;4;1;60;+79176747500;https://i.pravatar.cc/150?u=343;true;2025-02-20 23:18:00
344;nikita.smirnov344@corp.com;$2a$10$dXJ3SW6G7P50lGmMkkmwe.20cQQubK3.HZWzG3YB1tlRy.fqvM/BG;Смирнов Никита;2;5;43;+79187950562;https://i.pravatar.cc/150?u=344;true;2025-06-27 23:27:00
345;anna.kuznetsova345@corp.com;$2a$10$dXJ3SW6G7P50lGmMkkmwe.20cQQubK3.HZWzG3YB1tlRy.fqvM/BG;Кузнецова Анна;5;5;35;+79469114345;https://i.pravatar.cc/150?u=345;true;2025-02-05 01:53:00
346;tatyana.novikova346@corp.com;$2a$10$dXJ3SW6G7P50lGmMkkmwe.20cQQubK3.HZWzG3YB1tlRy.fqvM/BG;Новикова Татьяна;5;4;44;+79621525547;https://i.pravatar.cc/150?u=346;true;2025-01-15 03:53:00
347;nikita.mihaylov347@corp.com;$2a$10$dXJ3SW6G7P50lGmMkkmwe.20cQQubK3.HZWzG3YB1tlRy.fqvM/BG;Михайлов Никита;1;2;55;+79960701236;https://i.pravatar.cc/150?u=347;true;2025-09-20 03:08:00
348;nikita.sokolov348@corp.com;$2a$10$dXJ3SW6G7P50lGmMkkmwe.20cQQubK3.HZWzG3YB1tlRy.fqvM/BG;Соколов Никита;4;3;48;+79450479025;https://i.pravatar.cc/150?u=348;true;2025-01-19 02:39:00
349;aleksandr.popov349@corp.com;$2a$10$dXJ3SW6G7P50lGmMkkmwe.20cQQubK3.HZWzG3YB1tlRy.fqvM/BG;Попов Александр;3;2;48;+79943729211;https://i.pravatar.cc/150?u=349;true;2025-10-21 10:50:00
350;maksim.mihaylov350@corp.com;$2a$10$dXJ3SW6G7P50lGmMkkmwe.20cQQubK3.HZWzG3YB1tlRy.fqvM/BG;Михайлов Максим;5;4;35;+79573084255;https://i.pravatar.cc/150?u=350;true;2026-01-01 04:23:00
351;anastasiya.ivanova351@corp.com;$2a$10$dXJ3SW6G7P50lGmMkkmwe.20cQQubK3.HZWzG3YB1tlRy.fqvM/BG;Иванова Анастасия;3;1;27;+79798751676;https://i.pravatar.cc/150?u=351;true;2025-11-14 00:28:00
352;irina.smirnova352@corp.com;$2a$10$dXJ3SW6G7P50lGmMkkmwe.20cQQubK3.HZWzG3YB1tlRy.fqvM/BG;Смирнова Ирина;3;4;29;+79360061227;https://i.pravatar.cc/150?u=352;true;2025-08-18 15:52:00
353;tatyana.novikova353@corp.com;$2a$10$dXJ3SW6G7P50lGmMkkmwe.20cQQubK3.HZWzG3YB1tlRy.fqvM/BG;Новикова Татьяна;5;2;51;+79756967014;https://i.pravatar.cc/150?u=353;true;2025-02-14 03:31:00
354;dmitriy.petrov354@corp.com;$2a$10$dXJ3SW6G7P50lGmMkkmwe.20cQQubK3.HZWzG3YB1tlRy.fqvM/BG;Петров Дмитрий;2;1;32;+79632850952;https://i.pravatar.cc/150?u=354;true;2025-08-23 22:51:00
355;anna.popova355@corp.com;$2a$10$dXJ3SW6G7P50lGmMkkmwe.20cQQubK3.HZWzG3YB1tlRy.fqvM/BG;Попова Анна;2;1;32;+79449348281;https://i.pravatar.cc/150?u=355;true;2025-03-21 22:52:00
356;aleksandr.smirnov356@corp.com;$2a$10$dXJ3SW6G7P50lGmMkkmwe.20cQQubK3.HZWzG3YB1tlRy.fqvM/BG;Смирнов Александр;4;2;47;+79588781006;https://i.pravatar.cc/150?u=356;true;2025-02-11 15:01:00
357;ivan.smirnov357@corp.com;$2a$10$dXJ3SW6G7P50lGmMkkmwe.20cQQubK3.HZWzG3YB1tlRy.fqvM/BG;Смирнов Иван;4;1;26;+79997610254;https://i.pravatar.cc/150?u=357;true;2025-08-04 19:19:00
358;sergey.kuznetsov358@corp.com;$2a$10$dXJ3SW6G7P50lGmMkkmwe.20cQQubK3.HZWzG3YB1tlRy.fqvM/BG;Кузнецов Сергей;3;5;58;+79907687065;https://i.pravatar.cc/150?u=358;true;2025-08-02 11:01:00
359;tatyana.petrova359@corp.com;$2a$10$dXJ3SW6G7P50lGmMkkmwe.20cQQubK3.HZWzG3YB1tlRy.fqvM/BG;Петрова Татьяна;1;3;48;+79859328404;https://i.pravatar.cc/150?u=359;true;2025-08-28 22:59:00
360;andrey.petrov360@corp.com;$2a$10$dXJ3SW6G7P50lGmMkkmwe.20cQQubK3.HZWzG3YB1tlRy.fqvM/BG;Петров Андрей;3;1;41;+79992350313;https://i.pravatar.cc/150?u=360;true;2025-02-23 11:47:00
361;nikita.novikov361@corp.com;$2a$10$dXJ3SW6G7P50lGmMkkmwe.20cQQubK3.HZWzG3YB1tlRy.fqvM/BG;Новиков Никита;1;2;57;+79925356962;https://i.pravatar.cc/150?u=361;true;2025-06-12 05:20:00
362;anastasiya.popova362@corp.com;$2a$10$dXJ3SW6G7P50lGmMkkmwe.20cQQubK3.HZWzG3YB1tlRy.fqvM/BG;Попова Анастасия;2;2;57;+79552725862;https://i.pravatar.cc/150?u=362;true;2025-03-10 13:49:00
363;irina.petrova363@corp.com;$2a$10$dXJ3SW6G7P50lGmMkkmwe.20cQQubK3.HZWzG3YB1tlRy.fqvM/BG;Петрова Ирина;2;3;51;+79320492365;https://i.pravatar.cc/150?u=363;true;2025-06-19 22:54:00
364;olga.novikova364@corp.com;$2a$10$dXJ3SW6G7P50lGmMkkmwe.20cQQubK3.HZWzG3YB1tlRy.fqvM/BG;Новикова Ольга;1;4;37;+79601672093;https://i.pravatar.cc/150?u=364;true;2025-10-23 04:12:00
365;maksim.smirnov365@corp.com;$2a$10$dXJ3SW6G7P50lGmMkkmwe.20cQQubK3.HZWzG3YB1tlRy.fqvM/BG;Смирнов Максим;1;3;58;+79266770686;https://i.pravatar.cc/150?u=365;true;2025-11-14 19:57:00
366;ivan.novikov366@corp.com;$2a$10$dXJ3SW6G7P50lGmMkkmwe.20cQQubK3.HZWzG3YB1tlRy.fqvM/BG;Новиков Иван;1;4;48;+79112961214;https://i.pravatar.cc/150?u=366;true;2025-12-05 00:38:00
367;andrey.novikov367@corp.com;$2a$10$dXJ3SW6G7P50lGmMkkmwe.20cQQubK3.HZWzG3YB1tlRy.fqvM/BG;Новиков Андрей;4;3;55;+79218334402;https://i.pravatar.cc/150?u=367;true;2025-04-25 04:21:00
368;yuliya.novikova368@corp.com;$2a$10$dXJ3SW6G7P50lGmMkkmwe.20cQQubK3.HZWzG3YB1tlRy.fqvM/BG;Новикова Юлия;5;1;45;+79937742164;https://i.pravatar.cc/150?u=368;true;2025-12-21 09:00:00
369;yuliya.popova369@corp.com;$2a$10$dXJ3SW6G7P50lGmMkkmwe.20cQQubK3.HZWzG3YB1tlRy.fqvM/BG;Попова Юлия;3;5;32;+79190817555;https://i.pravatar.cc/150?u=369;true;2025-11-20 21:09:00
370;maksim.mihaylov370@corp.com;$2a$10$dXJ3SW6G7P50lGmMkkmwe.20cQQubK3.HZWzG3YB1tlRy.fqvM/BG;Михайлов Максим;5;1;54;+79239200954;https://i.pravatar.cc/150?u=370;true;2025-04-08 04:18:00
371;aleksey.smirnov371@corp.com;$2a$10$dXJ3SW6G7P50lGmMkkmwe.20cQQubK3.HZWzG3YB1tlRy.fqvM/BG;Смирнов Алексей;2;3;40;+79610244564;https://i.pravatar.cc/150?u=371;true;2025-12-07 13:54:00
372;dmitriy.smirnov372@corp.com;$2a$10$dXJ3SW6G7P50lGmMkkmwe.20cQQubK3.HZWzG3YB1tlRy.fqvM/BG;Смирнов Дмитрий;1;2;30;+79922378072;https://i.pravatar.cc/150?u=372;true;2025-02-23 12:55:00
373;natalya.fedorova373@corp.com;$2a$10$dXJ3SW6G7P50lGmMkkmwe.20cQQubK3.HZWzG3YB1tlRy.fqvM/BG;Федорова Наталья;2;5;41;+79314255241;https://i.pravatar.cc/150?u=373;true;2025-07-27 05:53:00
374;ivan.smirnov374@corp.com;$2a$10$dXJ3SW6G7P50lGmMkkmwe.20cQQubK3.HZWzG3YB1tlRy.fqvM/BG;Смирнов Иван;2;2;25;+79567507085;https://i.pravatar.cc/150?u=374;true;2025-01-08 23:43:00
375;ekaterina.fedorova375@corp.com;$2a$10$dXJ3SW6G7P50lGmMkkmwe.20cQQubK3.HZWzG3YB1tlRy.fqvM/BG;Федорова Екатерина;4;4;34;+79611314480;https://i.pravatar.cc/150?u=375;true;2025-03-21 15:07:00
376;sergey.mihaylov376@corp.com;$2a$10$dXJ3SW6G7P50lGmMkkmwe.20cQQubK3.HZWzG3YB1tlRy.fqvM/BG;Михайлов Сергей;4;2;27;+79773187866;https://i.pravatar.cc/150?u=376;true;2025-11-28 20:20:00
377;aleksey.vasilev377@corp.com;$2a$10$dXJ3SW6G7P50lGmMkkmwe.20cQQubK3.HZWzG3YB1tlRy.fqvM/BG;Васильев Алексей;3;5;48;+79494491634;https://i.pravatar.cc/150?u=377;true;2025-04-11 04:49:00
378;aleksandr.sokolov378@corp.com;$2a$10$dXJ3SW6G7P50lGmMkkmwe.20cQQubK3.HZWzG3YB1tlRy.fqvM/BG;Соколов Александр;4;4;53;+79287499203;https://i.pravatar.cc/150?u=378;true;2025-01-11 10:24:00
379;irina.novikova379@corp.com;$2a$10$dXJ3SW6G7P50lGmMkkmwe.20cQQubK3.HZWzG3YB1tlRy.fqvM/BG;Новикова Ирина;2;4;22;+79472141821;https://i.pravatar.cc/150?u=379;true;2025-05-31 14:02:00
380;artem.novikov380@corp.com;$2a$10$dXJ3SW6G7P50lGmMkkmwe.20cQQubK3.HZWzG3YB1tlRy.fqvM/BG;Новиков Артем;3;1;23;+79901356813;https://i.pravatar.cc/150?u=380;true;2025-11-28 16:38:00
381;andrey.smirnov381@corp.com;$2a$10$dXJ3SW6G7P50lGmMkkmwe.20cQQubK3.HZWzG3YB1tlRy.fqvM/BG;Смирнов Андрей;5;3;37;+79960456017;https://i.pravatar.cc/150?u=381;true;2025-08-19 05:04:00
382;andrey.mihaylov382@corp.com;$2a$10$dXJ3SW6G7P50lGmMkkmwe.20cQQubK3.HZWzG3YB1tlRy.fqvM/BG;Михайлов Андрей;1;1;53;+79548436866;https://i.pravatar.cc/150?u=382;true;2025-07-10 22:09:00
383;mihail.vasilev383@corp.com;$2a$10$dXJ3SW6G7P50lGmMkkmwe.20cQQubK3.HZWzG3YB1tlRy.fqvM/BG;Васильев Михаил;5;5;59;+79239275135;https://i.pravatar.cc/150?u=383;true;2025-02-06 21:00:00
384;nikita.smirnov384@corp.com;$2a$10$dXJ3SW6G7P50lGmMkkmwe.20cQQubK3.HZWzG3YB1tlRy.fqvM/BG;Смирнов Никита;1;2;50;+79727909673;https://i.pravatar.cc/150?u=384;true;2025-07-17 10:31:00
385;aleksandr.ivanov385@corp.com;$2a$10$dXJ3SW6G7P50lGmMkkmwe.20cQQubK3.HZWzG3YB1tlRy.fqvM/BG;Иванов Александр;3;4;50;+79762236541;https://i.pravatar.cc/150?u=385;true;2025-09-09 21:42:00
386;aleksey.popov386@corp.com;$2a$10$dXJ3SW6G7P50lGmMkkmwe.20cQQubK3.HZWzG3YB1tlRy.fqvM/BG;Попов Алексей;3;2;27;+79609106950;https://i.pravatar.cc/150?u=386;true;2025-05-28 08:59:00
387;andrey.popov387@corp.com;$2a$10$dXJ3SW6G7P50lGmMkkmwe.20cQQubK3.HZWzG3YB1tlRy.fqvM/BG;Попов Андрей;1;2;38;+79294516708;https://i.pravatar.cc/150?u=387;true;2025-11-06 01:12:00
388;andrey.kuznetsov388@corp.com;$2a$10$dXJ3SW6G7P50lGmMkkmwe.20cQQubK3.HZWzG3YB1tlRy.fqvM/BG;Кузнецов Андрей;4;3;47;+79779264894;https://i.pravatar.cc/150?u=388;true;2025-01-17 08:29:00
389;anastasiya.kuznetsova389@corp.com;$2a$10$dXJ3SW6G7P50lGmMkkmwe.20cQQubK3.HZWzG3YB1tlRy.fqvM/BG;Кузнецова Анастасия;3;4;41;+79624382389;https://i.pravatar.cc/150?u=389;true;2025-05-18 12:37:00
390;maksim.ivanov390@corp.com;$2a$10$dXJ3SW6G7P50lGmMkkmwe.20cQQubK3.HZWzG3YB1tlRy.fqvM/BG;Иванов Максим;3;3;25;+79201415700;https://i.pravatar.cc/150?u=390;true;2025-12-14 21:17:00
391;tatyana.mihaylova391@corp.com;$2a$10$dXJ3SW6G7P50lGmMkkmwe.20cQQubK3.HZWzG3YB1tlRy.fqvM/BG;Михайлова Татьяна;4;3;33;+79898871538;https://i.pravatar.cc/150?u=391;true;2025-01-10 23:40:00
392;anna.petrova392@corp.com;$2a$10$dXJ3SW6G7P50lGmMkkmwe.20cQQubK3.HZWzG3YB1tlRy.fqvM/BG;Петрова Анна;3;2;27;+79322267993;https://i.pravatar.cc/150?u=392;true;2025-01-22 18:14:00
393;irina.sokolova393@corp.com;$2a$10$dXJ3SW6G7P50lGmMkkmwe.20cQQubK3.HZWzG3YB1tlRy.fqvM/BG;Соколова Ирина;1;2;57;+79819456737;https://i.pravatar.cc/150?u=393;true;2025-05-06 06:55:00
394;mihail.novikov394@corp.com;$2a$10$dXJ3SW6G7P50lGmMkkmwe.20cQQubK3.HZWzG3YB1tlRy.fqvM/BG;Новиков Михаил;5;5;50;+79159098775;https://i.pravatar.cc/150?u=394;true;2025-04-03 13:15:00
395;ekaterina.vasileva395@corp.com;$2a$10$dXJ3SW6G7P50lGmMkkmwe.20cQQubK3.HZWzG3YB1tlRy.fqvM/BG;Васильева Екатерина;3;3;53;+79637037925;https://i.pravatar.cc/150?u=395;true;2025-02-18 12:34:00
396;irina.ivanova396@corp.com;$2a$10$dXJ3SW6G7P50lGmMkkmwe.20cQQubK3.HZWzG3YB1tlRy.fqvM/BG;Иванова Ирина;4;2;51;+79801513749;https://i.pravatar.cc/150?u=396;true;2025-02-18 14:32:00
397;aleksey.vasilev397@corp.com;$2a$10$dXJ3SW6G7P50lGmMkkmwe.20cQQubK3.HZWzG3YB1tlRy.fqvM/BG;Васильев Алексей;5;3;45;+79674949093;https://i.pravatar.cc/150?u=397;true;2025-03-12 17:57:00
398;aleksey.novikov398@corp.com;$2a$10$dXJ3SW6G7P50lGmMkkmwe.20cQQubK3.HZWzG3YB1tlRy.fqvM/BG;Новиков Алексей;2;2;28;+79615738595;https://i.pravatar.cc/150?u=398;true;2025-06-12 14:35:00
399;aleksandr.fedorov399@corp.com;$2a$10$dXJ3SW6G7P50lGmMkkmwe.20cQQubK3.HZWzG3YB1tlRy.fqvM/BG;Федоров Александр;2;4;58;+79710428929;https://i.pravatar.cc/150?u=399;true;2025-07-16 11:06:00
400;irina.mihaylova400@corp.com;$2a$10$dXJ3SW6G7P50lGmMkkmwe.20cQQubK3.HZWzG3YB1tlRy.fqvM/BG;Михайлова Ирина;5;3;22;+79576104333;https://i.pravatar.cc/150?u=400;true;2025-11-24 17:09:00
401;sergey.popov401@corp.com;$2a$10$dXJ3SW6G7P50lGmMkkmwe.20cQQubK3.HZWzG3YB1tlRy.fqvM/BG;Попов Сергей;4;2;44;+79637654838;https://i.pravatar.cc/150?u=401;true;2025-10-12 05:44:00
402;anna.popova402@corp.com;$2a$10$dXJ3SW6G7P50lGmMkkmwe.20cQQubK3.HZWzG3YB1tlRy.fqvM/BG;Попова Анна;5;4;36;+79629702143;https://i.pravatar.cc/150?u=402;true;2025-11-15 01:49:00
403;ivan.fedorov403@corp.com;$2a$10$dXJ3SW6G7P50lGmMkkmwe.20cQQubK3.HZWzG3YB1tlRy.fqvM/BG;Федоров Иван;4;5;26;+79513207753;https://i.pravatar.cc/150?u=403;true;2025-01-08 09:35:00
404;nikita.smirnov404@corp.com;$2a$10$dXJ3SW6G7P50lGmMkkmwe.20cQQubK3.HZWzG3YB1tlRy.fqvM/BG;Смирнов Никита;4;3;60;+79138363698;https://i.pravatar.cc/150?u=404;true;2025-06-12 02:03:00
405;anna.mihaylova405@corp.com;$2a$10$dXJ3SW6G7P50lGmMkkmwe.20cQQubK3.HZWzG3YB1tlRy.fqvM/BG;Михайлова Анна;5;1;56;+79976786308;https://i.pravatar.cc/150?u=405;true;2025-03-30 22:00:00
406;ivan.petrov406@corp.com;$2a$10$dXJ3SW6G7P50lGmMkkmwe.20cQQubK3.HZWzG3YB1tlRy.fqvM/BG;Петров Иван;1;4;52;+79271140772;https://i.pravatar.cc/150?u=406;true;2025-11-21 09:44:00
407;irina.smirnova407@corp.com;$2a$10$dXJ3SW6G7P50lGmMkkmwe.20cQQubK3.HZWzG3YB1tlRy.fqvM/BG;Смирнова Ирина;4;2;42;+79681794003;https://i.pravatar.cc/150?u=407;true;2025-08-14 19:24:00
408;aleksandr.novikov408@corp.com;$2a$10$dXJ3SW6G7P50lGmMkkmwe.20cQQubK3.HZWzG3YB1tlRy.fqvM/BG;Новиков Александр;4;4;22;+79814305277;https://i.pravatar.cc/150?u=408;true;2025-11-26 09:50:00
409;tatyana.ivanova409@corp.com;$2a$10$dXJ3SW6G7P50lGmMkkmwe.20cQQubK3.HZWzG3YB1tlRy.fqvM/BG;Иванова Татьяна;2;2;45;+79980833842;https://i.pravatar.cc/150?u=409;true;2025-04-05 03:53:00
410;aleksandr.popov410@corp.com;$2a$10$dXJ3SW6G7P50lGmMkkmwe.20cQQubK3.HZWzG3YB1tlRy.fqvM/BG;Попов Александр;2;1;56;+79356974029;https://i.pravatar.cc/150?u=410;true;2025-06-08 18:31:00
411;nikita.vasilev411@corp.com;$2a$10$dXJ3SW6G7P50lGmMkkmwe.20cQQubK3.HZWzG3YB1tlRy.fqvM/BG;Васильев Никита;5;1;53;+79398082794;https://i.pravatar.cc/150?u=411;true;2025-08-25 18:31:00
412;dmitriy.petrov412@corp.com;$2a$10$dXJ3SW6G7P50lGmMkkmwe.20cQQubK3.HZWzG3YB1tlRy.fqvM/BG;Петров Дмитрий;1;4;25;+79468631513;https://i.pravatar.cc/150?u=412;true;2025-08-28 11:32:00
413;nikita.novikov413@corp.com;$2a$10$dXJ3SW6G7P50lGmMkkmwe.20cQQubK3.HZWzG3YB1tlRy.fqvM/BG;Новиков Никита;5;3;56;+79717940668;https://i.pravatar.cc/150?u=413;true;2025-07-29 08:09:00
414;ivan.mihaylov414@corp.com;$2a$10$dXJ3SW6G7P50lGmMkkmwe.20cQQubK3.HZWzG3YB1tlRy.fqvM/BG;Михайлов Иван;2;1;27;+79488112332;https://i.pravatar.cc/150?u=414;true;2025-08-22 02:43:00
415;artem.kuznetsov415@corp.com;$2a$10$dXJ3SW6G7P50lGmMkkmwe.20cQQubK3.HZWzG3YB1tlRy.fqvM/BG;Кузнецов Артем;3;3;30;+79351973712;https://i.pravatar.cc/150?u=415;true;2025-06-08 06:51:00
416;artem.kuznetsov416@corp.com;$2a$10$dXJ3SW6G7P50lGmMkkmwe.20cQQubK3.HZWzG3YB1tlRy.fqvM/BG;Кузнецов Артем;4;1;23;+79443532655;https://i.pravatar.cc/150?u=416;true;2025-10-12 11:29:00
417;andrey.vasilev417@corp.com;$2a$10$dXJ3SW6G7P50lGmMkkmwe.20cQQubK3.HZWzG3YB1tlRy.fqvM/BG;Васильев Андрей;2;5;22;+79803504714;https://i.pravatar.cc/150?u=417;true;2025-10-04 13:45:00
418;dmitriy.mihaylov418@corp.com;$2a$10$dXJ3SW6G7P50lGmMkkmwe.20cQQubK3.HZWzG3YB1tlRy.fqvM/BG;Михайлов Дмитрий;4;5;36;+79221700364;https://i.pravatar.cc/150?u=418;true;2025-07-05 08:10:00
419;natalya.novikova419@corp.com;$2a$10$dXJ3SW6G7P50lGmMkkmwe.20cQQubK3.HZWzG3YB1tlRy.fqvM/BG;Новикова Наталья;4;1;26;+79869896145;https://i.pravatar.cc/150?u=419;true;2025-10-22 10:57:00
420;mariya.petrova420@corp.com;$2a$10$dXJ3SW6G7P50lGmMkkmwe.20cQQubK3.HZWzG3YB1tlRy.fqvM/BG;Петрова Мария;3;5;51;+79241849611;https://i.pravatar.cc/150?u=420;true;2025-06-01 00:21:00
421;irina.fedorova421@corp.com;$2a$10$dXJ3SW6G7P50lGmMkkmwe.20cQQubK3.HZWzG3YB1tlRy.fqvM/BG;Федорова Ирина;5;2;46;+79970253367;https://i.pravatar.cc/150?u=421;true;2025-06-15 21:59:00
422;nikita.kuznetsov422@corp.com;$2a$10$dXJ3SW6G7P50lGmMkkmwe.20cQQubK3.HZWzG3YB1tlRy.fqvM/BG;Кузнецов Никита;5;3;37;+79635078864;https://i.pravatar.cc/150?u=422;true;2025-05-16 12:58:00
423;anastasiya.novikova423@corp.com;$2a$10$dXJ3SW6G7P50lGmMkkmwe.20cQQubK3.HZWzG3YB1tlRy.fqvM/BG;Новикова Анастасия;4;3;41;+79179581083;https://i.pravatar.cc/150?u=423;true;2025-09-01 06:35:00
424;artem.novikov424@corp.com;$2a$10$dXJ3SW6G7P50lGmMkkmwe.20cQQubK3.HZWzG3YB1tlRy.fqvM/BG;Новиков Артем;1;2;30;+79867446892;https://i.pravatar.cc/150?u=424;true;2025-07-03 12:29:00
425;dmitriy.smirnov425@corp.com;$2a$10$dXJ3SW6G7P50lGmMkkmwe.20cQQubK3.HZWzG3YB1tlRy.fqvM/BG;Смирнов Дмитрий;5;3;41;+79778664806;https://i.pravatar.cc/150?u=425;true;2025-12-14 15:15:00
426;olga.vasileva426@corp.com;$2a$10$dXJ3SW6G7P50lGmMkkmwe.20cQQubK3.HZWzG3YB1tlRy.fqvM/BG;Васильева Ольга;2;5;41;+79168121006;https://i.pravatar.cc/150?u=426;true;2025-10-12 20:27:00
427;ekaterina.sokolova427@corp.com;$2a$10$dXJ3SW6G7P50lGmMkkmwe.20cQQubK3.HZWzG3YB1tlRy.fqvM/BG;Соколова Екатерина;2;4;35;+79423876794;https://i.pravatar.cc/150?u=427;true;2025-04-05 21:38:00
428;artem.sokolov428@corp.com;$2a$10$dXJ3SW6G7P50lGmMkkmwe.20cQQubK3.HZWzG3YB1tlRy.fqvM/BG;Соколов Артем;2;5;28;+79649011084;https://i.pravatar.cc/150?u=428;true;2025-10-05 04:27:00
429;aleksey.vasilev429@corp.com;$2a$10$dXJ3SW6G7P50lGmMkkmwe.20cQQubK3.HZWzG3YB1tlRy.fqvM/BG;Васильев Алексей;2;5;29;+79642556603;https://i.pravatar.cc/150?u=429;true;2025-01-28 04:54:00
430;natalya.sokolova430@corp.com;$2a$10$dXJ3SW6G7P50lGmMkkmwe.20cQQubK3.HZWzG3YB1tlRy.fqvM/BG;Соколова Наталья;5;4;34;+79805767700;https://i.pravatar.cc/150?u=430;true;2025-01-24 10:23:00
431;aleksandr.petrov431@corp.com;$2a$10$dXJ3SW6G7P50lGmMkkmwe.20cQQubK3.HZWzG3YB1tlRy.fqvM/BG;Петров Александр;5;2;58;+79336783778;https://i.pravatar.cc/150?u=431;true;2025-02-19 22:54:00
432;yuliya.petrova432@corp.com;$2a$10$dXJ3SW6G7P50lGmMkkmwe.20cQQubK3.HZWzG3YB1tlRy.fqvM/BG;Петрова Юлия;2;2;44;+79342606591;https://i.pravatar.cc/150?u=432;true;2025-07-01 19:55:00
433;olga.petrova433@corp.com;$2a$10$dXJ3SW6G7P50lGmMkkmwe.20cQQubK3.HZWzG3YB1tlRy.fqvM/BG;Петрова Ольга;3;1;43;+79298092423;https://i.pravatar.cc/150?u=433;true;2025-12-02 10:01:00
434;elena.ivanova434@corp.com;$2a$10$dXJ3SW6G7P50lGmMkkmwe.20cQQubK3.HZWzG3YB1tlRy.fqvM/BG;Иванова Елена;3;5;27;+79555841217;https://i.pravatar.cc/150?u=434;true;2025-06-26 04:28:00
435;mariya.fedorova435@corp.com;$2a$10$dXJ3SW6G7P50lGmMkkmwe.20cQQubK3.HZWzG3YB1tlRy.fqvM/BG;Федорова Мария;4;1;31;+79720855459;https://i.pravatar.cc/150?u=435;true;2025-06-05 05:36:00
436;sergey.petrov436@corp.com;$2a$10$dXJ3SW6G7P50lGmMkkmwe.20cQQubK3.HZWzG3YB1tlRy.fqvM/BG;Петров Сергей;1;3;56;+79583963558;https://i.pravatar.cc/150?u=436;true;2025-10-18 18:18:00
437;andrey.popov437@corp.com;$2a$10$dXJ3SW6G7P50lGmMkkmwe.20cQQubK3.HZWzG3YB1tlRy.fqvM/BG;Попов Андрей;1;3;57;+79397950934;https://i.pravatar.cc/150?u=437;true;2025-03-08 06:07:00
438;ekaterina.novikova438@corp.com;$2a$10$dXJ3SW6G7P50lGmMkkmwe.20cQQubK3.HZWzG3YB1tlRy.fqvM/BG;Новикова Екатерина;1;1;46;+79717266950;https://i.pravatar.cc/150?u=438;true;2025-09-22 02:59:00
439;irina.mihaylova439@corp.com;$2a$10$dXJ3SW6G7P50lGmMkkmwe.20cQQubK3.HZWzG3YB1tlRy.fqvM/BG;Михайлова Ирина;5;5;38;+79428520067;https://i.pravatar.cc/150?u=439;true;2025-10-17 17:05:00
440;aleksandr.vasilev440@corp.com;$2a$10$dXJ3SW6G7P50lGmMkkmwe.20cQQubK3.HZWzG3YB1tlRy.fqvM/BG;Васильев Александр;1;4;28;+79472250176;https://i.pravatar.cc/150?u=440;true;2025-04-05 17:23:00
441;maksim.sokolov441@corp.com;$2a$10$dXJ3SW6G7P50lGmMkkmwe.20cQQubK3.HZWzG3YB1tlRy.fqvM/BG;Соколов Максим;2;2;57;+79599051206;https://i.pravatar.cc/150?u=441;true;2025-10-01 01:18:00
442;dmitriy.sokolov442@corp.com;$2a$10$dXJ3SW6G7P50lGmMkkmwe.20cQQubK3.HZWzG3YB1tlRy.fqvM/BG;Соколов Дмитрий;3;4;49;+79870242762;https://i.pravatar.cc/150?u=442;true;2025-03-05 16:02:00
443;irina.petrova443@corp.com;$2a$10$dXJ3SW6G7P50lGmMkkmwe.20cQQubK3.HZWzG3YB1tlRy.fqvM/BG;Петрова Ирина;2;5;23;+79768586100;https://i.pravatar.cc/150?u=443;true;2025-10-28 10:29:00
444;yuliya.mihaylova444@corp.com;$2a$10$dXJ3SW6G7P50lGmMkkmwe.20cQQubK3.HZWzG3YB1tlRy.fqvM/BG;Михайлова Юлия;4;4;43;+79915588713;https://i.pravatar.cc/150?u=444;true;2025-04-21 08:09:00
445;andrey.sokolov445@corp.com;$2a$10$dXJ3SW6G7P50lGmMkkmwe.20cQQubK3.HZWzG3YB1tlRy.fqvM/BG;Соколов Андрей;2;1;42;+79546362286;https://i.pravatar.cc/150?u=445;true;2025-12-13 16:49:00
446;anastasiya.kuznetsova446@corp.com;$2a$10$dXJ3SW6G7P50lGmMkkmwe.20cQQubK3.HZWzG3YB1tlRy.fqvM/BG;Кузнецова Анастасия;4;2;57;+79525433341;https://i.pravatar.cc/150?u=446;true;2025-06-11 21:36:00
447;aleksey.petrov447@corp.com;$2a$10$dXJ3SW6G7P50lGmMkkmwe.20cQQubK3.HZWzG3YB1tlRy.fqvM/BG;Петров Алексей;4;2;23;+79239819084;https://i.pravatar.cc/150?u=447;true;2025-02-08 17:09:00
448;sergey.sokolov448@corp.com;$2a$10$dXJ3SW6G7P50lGmMkkmwe.20cQQubK3.HZWzG3YB1tlRy.fqvM/BG;Соколов Сергей;2;5;22;+79919755158;https://i.pravatar.cc/150?u=448;true;2025-12-11 10:28:00
449;artem.vasilev449@corp.com;$2a$10$dXJ3SW6G7P50lGmMkkmwe.20cQQubK3.HZWzG3YB1tlRy.fqvM/BG;Васильев Артем;5;1;38;+79510430429;https://i.pravatar.cc/150?u=449;true;2025-08-06 09:47:00
450;maksim.petrov450@corp.com;$2a$10$dXJ3SW6G7P50lGmMkkmwe.20cQQubK3.HZWzG3YB1tlRy.fqvM/BG;Петров Максим;5;2;32;+79252234089;https://i.pravatar.cc/150?u=450;true;2025-09-06 10:00:00
451;irina.kuznetsova451@corp.com;$2a$10$dXJ3SW6G7P50lGmMkkmwe.20cQQubK3.HZWzG3YB1tlRy.fqvM/BG;Кузнецова Ирина;3;5;31;+79525715380;https://i.pravatar.cc/150?u=451;true;2025-03-10 16:22:00
452;nikita.novikov452@corp.com;$2a$10$dXJ3SW6G7P50lGmMkkmwe.20cQQubK3.HZWzG3YB1tlRy.fqvM/BG;Новиков Никита;2;5;48;+79900891192;https://i.pravatar.cc/150?u=452;true;2025-03-17 14:25:00
453;tatyana.smirnova453@corp.com;$2a$10$dXJ3SW6G7P50lGmMkkmwe.20cQQubK3.HZWzG3YB1tlRy.fqvM/BG;Смирнова Татьяна;2;1;53;+79169057910;https://i.pravatar.cc/150?u=453;true;2025-09-15 02:14:00
454;ekaterina.popova454@corp.com;$2a$10$dXJ3SW6G7P50lGmMkkmwe.20cQQubK3.HZWzG3YB1tlRy.fqvM/BG;Попова Екатерина;2;1;42;+79732688218;https://i.pravatar.cc/150?u=454;true;2025-02-15 23:31:00
455;artem.novikov455@corp.com;$2a$10$dXJ3SW6G7P50lGmMkkmwe.20cQQubK3.HZWzG3YB1tlRy.fqvM/BG;Новиков Артем;2;3;30;+79828016675;https://i.pravatar.cc/150?u=455;true;2025-10-26 19:48:00
456;tatyana.fedorova456@corp.com;$2a$10$dXJ3SW6G7P50lGmMkkmwe.20cQQubK3.HZWzG3YB1tlRy.fqvM/BG;Федорова Татьяна;2;3;28;+79903077424;https://i.pravatar.cc/150?u=456;true;2025-03-30 11:09:00
457;sergey.sokolov457@corp.com;$2a$10$dXJ3SW6G7P50lGmMkkmwe.20cQQubK3.HZWzG3YB1tlRy.fqvM/BG;Соколов Сергей;3;5;35;+79415899250;https://i.pravatar.cc/150?u=457;true;2025-04-17 02:53:00
458;andrey.ivanov458@corp.com;$2a$10$dXJ3SW6G7P50lGmMkkmwe.20cQQubK3.HZWzG3YB1tlRy.fqvM/BG;Иванов Андрей;2;3;46;+79189783641;https://i.pravatar.cc/150?u=458;true;2025-06-09 06:34:00
459;mihail.petrov459@corp.com;$2a$10$dXJ3SW6G7P50lGmMkkmwe.20cQQubK3.HZWzG3YB1tlRy.fqvM/BG;Петров Михаил;2;2;46;+79629115185;https://i.pravatar.cc/150?u=459;true;2025-11-29 04:55:00
460;ekaterina.sokolova460@corp.com;$2a$10$dXJ3SW6G7P50lGmMkkmwe.20cQQubK3.HZWzG3YB1tlRy.fqvM/BG;Соколова Екатерина;1;3;40;+79739982760;https://i.pravatar.cc/150?u=460;true;2025-08-19 09:34:00
461;elena.ivanova461@corp.com;$2a$10$dXJ3SW6G7P50lGmMkkmwe.20cQQubK3.HZWzG3YB1tlRy.fqvM/BG;Иванова Елена;2;1;33;+79544381812;https://i.pravatar.cc/150?u=461;true;2025-02-26 09:57:00
462;dmitriy.novikov462@corp.com;$2a$10$dXJ3SW6G7P50lGmMkkmwe.20cQQubK3.HZWzG3YB1tlRy.fqvM/BG;Новиков Дмитрий;1;5;55;+79265076293;https://i.pravatar.cc/150?u=462;true;2025-09-04 09:21:00
463;yuliya.popova463@corp.com;$2a$10$dXJ3SW6G7P50lGmMkkmwe.20cQQubK3.HZWzG3YB1tlRy.fqvM/BG;Попова Юлия;5;2;55;+79908196559;https://i.pravatar.cc/150?u=463;true;2025-02-12 05:39:00
464;nikita.ivanov464@corp.com;$2a$10$dXJ3SW6G7P50lGmMkkmwe.20cQQubK3.HZWzG3YB1tlRy.fqvM/BG;Иванов Никита;1;1;46;+79402812330;https://i.pravatar.cc/150?u=464;true;2025-04-07 08:11:00
465;nikita.smirnov465@corp.com;$2a$10$dXJ3SW6G7P50lGmMkkmwe.20cQQubK3.HZWzG3YB1tlRy.fqvM/BG;Смирнов Никита;1;5;57;+79152087342;https://i.pravatar.cc/150?u=465;true;2025-12-30 00:49:00
466;irina.smirnova466@corp.com;$2a$10$dXJ3SW6G7P50lGmMkkmwe.20cQQubK3.HZWzG3YB1tlRy.fqvM/BG;Смирнова Ирина;4;4;53;+79775837832;https://i.pravatar.cc/150?u=466;true;2025-11-05 09:49:00
467;tatyana.kuznetsova467@corp.com;$2a$10$dXJ3SW6G7P50lGmMkkmwe.20cQQubK3.HZWzG3YB1tlRy.fqvM/BG;Кузнецова Татьяна;1;5;35;+79443554542;https://i.pravatar.cc/150?u=467;true;2025-01-22 11:51:00
468;anastasiya.novikova468@corp.com;$2a$10$dXJ3SW6G7P50lGmMkkmwe.20cQQubK3.HZWzG3YB1tlRy.fqvM/BG;Новикова Анастасия;4;2;25;+79353894105;https://i.pravatar.cc/150?u=468;true;2025-11-05 11:40:00
469;maksim.smirnov469@corp.com;$2a$10$dXJ3SW6G7P50lGmMkkmwe.20cQQubK3.HZWzG3YB1tlRy.fqvM/BG;Смирнов Максим;1;3;30;+79737605533;https://i.pravatar.cc/150?u=469;true;2025-04-04 00:19:00
470;anna.kuznetsova470@corp.com;$2a$10$dXJ3SW6G7P50lGmMkkmwe.20cQQubK3.HZWzG3YB1tlRy.fqvM/BG;Кузнецова Анна;3;1;57;+79345800575;https://i.pravatar.cc/150?u=470;true;2025-10-21 10:07:00
471;elena.kuznetsova471@corp.com;$2a$10$dXJ3SW6G7P50lGmMkkmwe.20cQQubK3.HZWzG3YB1tlRy.fqvM/BG;Кузнецова Елена;2;5;55;+79936268094;https://i.pravatar.cc/150?u=471;true;2025-01-27 17:32:00
472;dmitriy.ivanov472@corp.com;$2a$10$dXJ3SW6G7P50lGmMkkmwe.20cQQubK3.HZWzG3YB1tlRy.fqvM/BG;Иванов Дмитрий;5;1;39;+79302654227;https://i.pravatar.cc/150?u=472;true;2025-04-29 05:38:00
473;anastasiya.novikova473@corp.com;$2a$10$dXJ3SW6G7P50lGmMkkmwe.20cQQubK3.HZWzG3YB1tlRy.fqvM/BG;Новикова Анастасия;4;4;46;+79400086959;https://i.pravatar.cc/150?u=473;true;2025-08-24 18:29:00
474;elena.sokolova474@corp.com;$2a$10$dXJ3SW6G7P50lGmMkkmwe.20cQQubK3.HZWzG3YB1tlRy.fqvM/BG;Соколова Елена;3;5;50;+79562279848;https://i.pravatar.cc/150?u=474;true;2025-09-15 01:30:00
475;tatyana.kuznetsova475@corp.com;$2a$10$dXJ3SW6G7P50lGmMkkmwe.20cQQubK3.HZWzG3YB1tlRy.fqvM/BG;Кузнецова Татьяна;2;5;54;+79236339926;https://i.pravatar.cc/150?u=475;true;2025-12-04 04:57:00
476;sergey.smirnov476@corp.com;$2a$10$dXJ3SW6G7P50lGmMkkmwe.20cQQubK3.HZWzG3YB1tlRy.fqvM/BG;Смирнов Сергей;5;1;58;+79542089719;https://i.pravatar.cc/150?u=476;true;2025-12-12 02:12:00
477;ivan.novikov477@corp.com;$2a$10$dXJ3SW6G7P50lGmMkkmwe.20cQQubK3.HZWzG3YB1tlRy.fqvM/BG;Новиков Иван;1;1;53;+79813066861;https://i.pravatar.cc/150?u=477;true;2025-07-26 05:12:00
478;mariya.kuznetsova478@corp.com;$2a$10$dXJ3SW6G7P50lGmMkkmwe.20cQQubK3.HZWzG3YB1tlRy.fqvM/BG;Кузнецова Мария;4;4;30;+79535382717;https://i.pravatar.cc/150?u=478;true;2025-02-05 07:01:00
479;mihail.popov479@corp.com;$2a$10$dXJ3SW6G7P50lGmMkkmwe.20cQQubK3.HZWzG3YB1tlRy.fqvM/BG;Попов Михаил;4;3;34;+79145519115;https://i.pravatar.cc/150?u=479;true;2025-07-27 14:56:00
480;natalya.sokolova480@corp.com;$2a$10$dXJ3SW6G7P50lGmMkkmwe.20cQQubK3.HZWzG3YB1tlRy.fqvM/BG;Соколова Наталья;5;4;41;+79883804653;https://i.pravatar.cc/150?u=480;true;2025-05-20 06:03:00
481;sergey.kuznetsov481@corp.com;$2a$10$dXJ3SW6G7P50lGmMkkmwe.20cQQubK3.HZWzG3YB1tlRy.fqvM/BG;Кузнецов Сергей;4;1;35;+79558587343;https://i.pravatar.cc/150?u=481;true;2025-06-06 08:50:00
482;ekaterina.petrova482@corp.com;$2a$10$dXJ3SW6G7P50lGmMkkmwe.20cQQubK3.HZWzG3YB1tlRy.fqvM/BG;Петрова Екатерина;5;5;55;+79110634587;https://i.pravatar.cc/150?u=482;true;2025-09-17 12:16:00
483;anna.mihaylova483@corp.com;$2a$10$dXJ3SW6G7P50lGmMkkmwe.20cQQubK3.HZWzG3YB1tlRy.fqvM/BG;Михайлова Анна;2;1;48;+79872796743;https://i.pravatar.cc/150?u=483;true;2025-06-25 10:28:00
484;mariya.vasileva484@corp.com;$2a$10$dXJ3SW6G7P50lGmMkkmwe.20cQQubK3.HZWzG3YB1tlRy.fqvM/BG;Васильева Мария;4;3;52;+79251142108;https://i.pravatar.cc/150?u=484;true;2025-09-18 14:46:00
485;aleksandr.kuznetsov485@corp.com;$2a$10$dXJ3SW6G7P50lGmMkkmwe.20cQQubK3.HZWzG3YB1tlRy.fqvM/BG;Кузнецов Александр;1;5;34;+79664867415;https://i.pravatar.cc/150?u=485;true;2025-11-20 04:52:00
486;nikita.smirnov486@corp.com;$2a$10$dXJ3SW6G7P50lGmMkkmwe.20cQQubK3.HZWzG3YB1tlRy.fqvM/BG;Смирнов Никита;2;3;22;+79209430745;https://i.pravatar.cc/150?u=486;true;2025-10-04 15:38:00
487;irina.kuznetsova487@corp.com;$2a$10$dXJ3SW6G7P50lGmMkkmwe.20cQQubK3.HZWzG3YB1tlRy.fqvM/BG;Кузнецова Ирина;2;3;23;+79755730581;https://i.pravatar.cc/150?u=487;true;2025-06-13 01:25:00
488;tatyana.smirnova488@corp.com;$2a$10$dXJ3SW6G7P50lGmMkkmwe.20cQQubK3.HZWzG3YB1tlRy.fqvM/BG;Смирнова Татьяна;3;3;28;+79509696186;https://i.pravatar.cc/150?u=488;true;2025-10-16 17:41:00
489;dmitriy.vasilev489@corp.com;$2a$10$dXJ3SW6G7P50lGmMkkmwe.20cQQubK3.HZWzG3YB1tlRy.fqvM/BG;Васильев Дмитрий;5;1;59;+79306725788;https://i.pravatar.cc/150?u=489;true;2025-03-20 07:45:00
490;mariya.petrova490@corp.com;$2a$10$dXJ3SW6G7P50lGmMkkmwe.20cQQubK3.HZWzG3YB1tlRy.fqvM/BG;Петрова Мария;4;4;28;+79951404077;https://i.pravatar.cc/150?u=490;true;2025-02-01 04:04:00
491;mihail.vasilev491@corp.com;$2a$10$dXJ3SW6G7P50lGmMkkmwe.20cQQubK3.HZWzG3YB1tlRy.fqvM/BG;Васильев Михаил;4;1;37;+79251994182;https://i.pravatar.cc/150?u=491;true;2025-02-07 18:21:00
492;olga.petrova492@corp.com;$2a$10$dXJ3SW6G7P50lGmMkkmwe.20cQQubK3.HZWzG3YB1tlRy.fqvM/BG;Петрова Ольга;3;5;35;+79168741112;https://i.pravatar.cc/150?u=492;true;2025-07-14 16:47:00
493;aleksandr.ivanov493@corp.com;$2a$10$dXJ3SW6G7P50lGmMkkmwe.20cQQubK3.HZWzG3YB1tlRy.fqvM/BG;Иванов Александр;4;1;39;+79233694168;https://i.pravatar.cc/150?u=493;true;2025-09-04 03:57:00
494;elena.smirnova494@corp.com;$2a$10$dXJ3SW6G7P50lGmMkkmwe.20cQQubK3.HZWzG3YB1tlRy.fqvM/BG;Смирнова Елена;2;3;56;+79659988696;https://i.pravatar.cc/150?u=494;true;2025-12-23 04:55:00
495;nikita.ivanov495@corp.com;$2a$10$dXJ3SW6G7P50lGmMkkmwe.20cQQubK3.HZWzG3YB1tlRy.fqvM/BG;Иванов Никита;1;2;40;+79805392826;https://i.pravatar.cc/150?u=495;true;2025-10-03 09:34:00
496;nikita.sokolov496@corp.com;$2a$10$dXJ3SW6G7P50lGmMkkmwe.20cQQubK3.HZWzG3YB1tlRy.fqvM/BG;Соколов Никита;5;5;38;+79193234840;https://i.pravatar.cc/150?u=496;true;2025-03-29 17:17:00
497;artem.vasilev497@corp.com;$2a$10$dXJ3SW6G7P50lGmMkkmwe.20cQQubK3.HZWzG3YB1tlRy.fqvM/BG;Васильев Артем;1;3;22;+79594202796;https://i.pravatar.cc/150?u=497;true;2025-04-24 10:48:00
498;ekaterina.fedorova498@corp.com;$2a$10$dXJ3SW6G7P50lGmMkkmwe.20cQQubK3.HZWzG3YB1tlRy.fqvM/BG;Федорова Екатерина;4;1;37;+79874313098;https://i.pravatar.cc/150?u=498;true;2025-05-22 21:47:00
499;aleksey.fedorov499@corp.com;$2a$10$dXJ3SW6G7P50lGmMkkmwe.20cQQubK3.HZWzG3YB1tlRy.fqvM/BG;Федоров Алексей;1;2;35;+79127021585;https://i.pravatar.cc/150?u=499;true;2025-11-03 17:06:00
500;elena.mihaylova500@corp.com;$2a$10$dXJ3SW6G7P50lGmMkkmwe.20cQQubK3.HZWzG3YB1tlRy.fqvM/BG;Михайлова Елена;4;4;36;+79271762869;https://i.pravatar.cc/150?u=500;true;2025-01-09 10:13:00
501;aleksey.vasilev501@corp.com;$2a$10$dXJ3SW6G7P50lGmMkkmwe.20cQQubK3.HZWzG3YB1tlRy.fqvM/BG;Васильев Алексей;5;4;59;+79932186057;https://i.pravatar.cc/150?u=501;true;2025-09-04 00:31:00
